V1,V2,V3,V4,V5,V6,V7,V8,V9,V10,Q1,Q32_1_TEXT,Q32_2_TEXT,Q32_3_TEXT,Q32_4_TEXT,Q32_5_TEXT,Q32_6_TEXT,Q32_7_TEXT,Q32_8_TEXT,Q32_9_TEXT,Q32_10_TEXT,Q32_11_TEXT,Q32_12_TEXT,Q32_13_TEXT,Q32_14_TEXT,Q32_15_TEXT,Q32_16_TEXT,Q32_17_TEXT,Q32_18_TEXT,Q32_19_TEXT,Q32_20_TEXT,Q28_3,Q28_6,Q28_9,Q28_10,Q28_11,Q28_12,Q28_14,Q28_15,Q28_16,Q28_17,Q28_21,Q28_22,Q28_26,Q28_36,Q28_37,Q28_38,Q28_39,Q31_x3_Group,Q31_x3_Rank,Q31_x6_Group,Q31_x6_Rank,Q31_x9_Group,Q31_x9_Rank,Q31_x10_Group,Q31_x10_Rank,Q31_x11_Group,Q31_x11_Rank,Q31_x12_Group,Q31_x12_Rank,Q31_x14_Group,Q31_x14_Rank,Q31_x15_Group,Q31_x15_Rank,Q31_x16_Group,Q31_x16_Rank,Q31_x17_Group,Q31_x17_Rank,Q31_x21_Group,Q31_x21_Rank,Q31_x22_Group,Q31_x22_Rank,Q31_x26_Group,Q31_x26_Rank,Q31_x36_Group,Q31_x36_Rank,Q31_x37_Group,Q31_x37_Rank,Q31_x38_Group,Q31_x38_Rank,Q31_x39_Group,Q31_x39_Rank,Q20,Q20_TEXT,Q22_1,Q22_2,Q22_3,Q22_4,Q21,Q18,Q33,Q17,Q17_TEXT,Q29,Q29_TEXT,Q34,Q34_TEXT,Q35,Q36,Q37,Q15,LocationLatitude,LocationLongitude,LocationAccuracy,
ResponseID,ResponseSet,Name,ExternalDataReference,EmailAddress,IPAddress,Status,StartDate,EndDate,Finished,"Welcome to a survey about different views of democracy. In this / survey, you will be asked to resp...","We are interested in what you think of when you hear or read the / word ""democracy."" Please write d...-1","We are interested in what you think of when you hear or read the / word ""democracy."" Please write d...-2 ","We are interested in what you think of when you hear or read the / word ""democracy."" Please write d...-3 ","We are interested in what you think of when you hear or read the / word ""democracy."" Please write d...-4 ","We are interested in what you think of when you hear or read the / word ""democracy."" Please write d...-5 ","We are interested in what you think of when you hear or read the / word ""democracy."" Please write d...-6 ","We are interested in what you think of when you hear or read the / word ""democracy."" Please write d...-7 ","We are interested in what you think of when you hear or read the / word ""democracy."" Please write d...-8 ","We are interested in what you think of when you hear or read the / word ""democracy."" Please write d...-9 ","We are interested in what you think of when you hear or read the / word ""democracy."" Please write d...-10 ","We are interested in what you think of when you hear or read the / word ""democracy."" Please write d...-11 ","We are interested in what you think of when you hear or read the / word ""democracy."" Please write d...-12 ","We are interested in what you think of when you hear or read the / word ""democracy."" Please write d...-13 ","We are interested in what you think of when you hear or read the / word ""democracy."" Please write d...-14 ","We are interested in what you think of when you hear or read the / word ""democracy."" Please write d...-15 ","We are interested in what you think of when you hear or read the / word ""democracy."" Please write d...-16 ","We are interested in what you think of when you hear or read the / word ""democracy."" Please write d...-17 ","We are interested in what you think of when you hear or read the / word ""democracy."" Please write d...-18 ","We are interested in what you think of when you hear or read the / word ""democracy."" Please write d...-19 ","We are interested in what you think of when you hear or read the / word ""democracy."" Please write d...-20",Which of the items below are NOT part of your personal definition of democracy?  Select ONLY thos...-Free market economy,Which of the items below are NOT part of your personal definition of democracy?  Select ONLY thos...-Universal healthcare,Which of the items below are NOT part of your personal definition of democracy?  Select ONLY thos...-Laws protecting private property,Which of the items below are NOT part of your personal definition of democracy?  Select ONLY thos...-Peaceful transfers of power,Which of the items below are NOT part of your personal definition of democracy?  Select ONLY thos...-Free and open elections,Which of the items below are NOT part of your personal definition of democracy?  Select ONLY thos...-Right to Vote/Universal adult suffrage,Which of the items below are NOT part of your personal definition of democracy?  Select ONLY thos...-Representative government,Which of the items below are NOT part of your personal definition of democracy?  Select ONLY thos...-Equality,Which of the items below are NOT part of your personal definition of democracy?  Select ONLY thos...-Civil rights (equal treatment of all citizens under law),"Which of the items below are NOT part of your personal definition of democracy?  Select ONLY thos...-Bill of Rights (Freedom of Press, Freedom of Religion, Freedom of Speech)","Which of the items below are NOT part of your personal definition of democracy?  Select ONLY thos...-Civil society (thriving society of voluntary non-governmental, non-commercial organizations","Which of the items below are NOT part of your personal definition of democracy?  Select ONLY thos...-Basic human rights (access to clean water, no child labor, no genocide)",Which of the items below are NOT part of your personal definition of democracy?  Select ONLY thos...-Protest,Which of the items below are NOT part of your personal definition of democracy?  Select ONLY thos...-Constitution,Which of the items below are NOT part of your personal definition of democracy?  Select ONLY thos...-Educated population,Which of the items below are NOT part of your personal definition of democracy?  Select ONLY thos...-Westernization (adoption of Western values),Which of the items below are NOT part of your personal definition of democracy?  Select ONLY thos...-Strong national defense,"Of the items above, which 5 are the most fundamental to the meaning / of democracy in your opinion?...-Free market economy-Group","Of the items above, which 5 are the most fundamental to the meaning / of democracy in your opinion?...-Free market economy-Rank","Of the items above, which 5 are the most fundamental to the meaning / of democracy in your opinion?...-Universal healthcare-Group","Of the items above, which 5 are the most fundamental to the meaning / of democracy in your opinion?...-Universal healthcare-Rank","Of the items above, which 5 are the most fundamental to the meaning / of democracy in your opinion?...-Laws protecting private property-Group","Of the items above, which 5 are the most fundamental to the meaning / of democracy in your opinion?...-Laws protecting private property-Rank","Of the items above, which 5 are the most fundamental to the meaning / of democracy in your opinion?...-Peaceful transfers of power-Group","Of the items above, which 5 are the most fundamental to the meaning / of democracy in your opinion?...-Peaceful transfers of power-Rank","Of the items above, which 5 are the most fundamental to the meaning / of democracy in your opinion?...-Free and open elections-Group","Of the items above, which 5 are the most fundamental to the meaning / of democracy in your opinion?...-Free and open elections-Rank","Of the items above, which 5 are the most fundamental to the meaning / of democracy in your opinion?...-Right to Vote/Universal adult suffrage-Group","Of the items above, which 5 are the most fundamental to the meaning / of democracy in your opinion?...-Right to Vote/Universal adult suffrage-Rank","Of the items above, which 5 are the most fundamental to the meaning / of democracy in your opinion?...-Representative government-Group","Of the items above, which 5 are the most fundamental to the meaning / of democracy in your opinion?...-Representative government-Rank","Of the items above, which 5 are the most fundamental to the meaning / of democracy in your opinion?...-Equality-Group","Of the items above, which 5 are the most fundamental to the meaning / of democracy in your opinion?...-Equality-Rank","Of the items above, which 5 are the most fundamental to the meaning / of democracy in your opinion?...-Civil rights (equal treatment of all citizens under law)-Group","Of the items above, which 5 are the most fundamental to the meaning / of democracy in your opinion?...-Civil rights (equal treatment of all citizens under law)-Rank","Of the items above, which 5 are the most fundamental to the meaning / of democracy in your opinion?...-Bill of Rights (Freedom of Press, Freedom of Religion, Freedom of Speech)-Group","Of the items above, which 5 are the most fundamental to the meaning / of democracy in your opinion?...-Bill of Rights (Freedom of Press, Freedom of Religion, Freedom of Speech)-Rank","Of the items above, which 5 are the most fundamental to the meaning / of democracy in your opinion?...-Civil society (thriving society of voluntary non-governmental, non-commercial organizations-Group","Of the items above, which 5 are the most fundamental to the meaning / of democracy in your opinion?...-Civil society (thriving society of voluntary non-governmental, non-commercial organizations-Rank","Of the items above, which 5 are the most fundamental to the meaning / of democracy in your opinion?...-Basic human rights (access to clean water, no child labor, no genocide)-Group","Of the items above, which 5 are the most fundamental to the meaning / of democracy in your opinion?...-Basic human rights (access to clean water, no child labor, no genocide)-Rank","Of the items above, which 5 are the most fundamental to the meaning / of democracy in your opinion?...-Protest-Group","Of the items above, which 5 are the most fundamental to the meaning / of democracy in your opinion?...-Protest-Rank","Of the items above, which 5 are the most fundamental to the meaning / of democracy in your opinion?...-Constitution-Group","Of the items above, which 5 are the most fundamental to the meaning / of democracy in your opinion?...-Constitution-Rank","Of the items above, which 5 are the most fundamental to the meaning / of democracy in your opinion?...-Educated population-Group","Of the items above, which 5 are the most fundamental to the meaning / of democracy in your opinion?...-Educated population-Rank","Of the items above, which 5 are the most fundamental to the meaning / of democracy in your opinion?...-Westernization (adoption of Western values)-Group","Of the items above, which 5 are the most fundamental to the meaning / of democracy in your opinion?...-Westernization (adoption of Western values)-Rank","Of the items above, which 5 are the most fundamental to the meaning / of democracy in your opinion?...-Strong national defense-Group","Of the items above, which 5 are the most fundamental to the meaning / of democracy in your opinion?...-Strong national defense-Rank","Do you now or did you ever speak a language other than English at / home? (If yes, please specify w...","Do you now or did you ever speak a language other than English at / home? (If yes, please specify w...-TEXT",Are you or your parents or grandparents born in another country? / (select all that apply)-No,Are you or your parents or grandparents born in another country? / (select all that apply)-I was born in another country.,Are you or your parents or grandparents born in another country? / (select all that apply)-At least one of my parents was born in another country.,Are you or your parents or grandparents born in another country? / (select all that apply)-At least one of my grandparents was born in another country.,What is your average annual household income?,What is your age?,What is your gender?,What is your racial or ethnic background?,What is your racial or ethnic background?-TEXT,What is your terminal level of education?,What is your terminal level of education?-TEXT,"Generally speaking, do you usually think of yourself as a / Republican, a Democrat, an Independent,...","Generally speaking, do you usually think of yourself as a / Republican, a Democrat, an Independent,...-TEXT",Would you call yourself a strong Republican or a not very strong / Republican?,Would you call yourself a strong Democrat or a not very strong / Democrat?,Do you think of yourself as closer to the Democrat or Republican / party?,Thank-you for taking our survey. If you have any comments for the / research team about the survey...,LocationLatitude,LocationLongitude,LocationAccuracy,
R_1NwCACsR2rZu55C,Default Response Set,Anonymous,,,75.86.178.130,0,2015-04-12 20:08:21,2015-04-12 20:10:06,1,1,elections,rights,accountability,responsiveness,rule of law,freedom,power,,,,,,,,,,,,,,,,,,,,,,,,,,,,,1,1,,,,,,,0,1,,,,,0,4,,,0,5,,,0,2,0,3,,,,,,,,,,,2,,1,,,,3,2,1,6,,5,,2,,,2,,,43.043395996094,-87.894500732422,-1,
R_1l3qJ0VvoLqQZU6,Default Response Set,Anonymous,,,174.71.73.68,0,2015-04-12 20:08:59,2015-04-12 20:10:33,1,1,peace,america,war,hitler,constitution,,,,,,,,,,,,,,,,,,1,1,,,1,,1,,1,,,1,,,1,0,1,0,2,,,,,,,0,4,,,,,,,,,,,,,0,3,,,0,5,,,,,2,,1,,,,1,2,1,6,,4,,2,,,2,,thanks!,41.211303710938,-95.947402954102,-1,
R_12ff6vE5CY6dZfA,Default Response Set,Anonymous,,,67.187.65.41,0,2015-04-12 20:08:36,2015-04-12 20:11:03,1,1,freedom,choice,government,options,multi-party,American,,,,,,,,,,,,,,,,,,,,,,,,,,,,,,,,,,,,,,,,0,2,0,4,0,1,0,3,,,,,0,5,,,,,,,,,,,,,2,,1,,,,2,2,2,6,,5,,3,,,,3,Thank you!,36.64079284668,-87.471801757812,-1,
R_3G1i5x4ZytvXcz0,Default Response Set,Anonymous,,,76.180.56.116,0,2015-04-12 20:08:44,2015-04-12 20:11:26,1,1,fairness,equality,choice,vote,selection,numbers,many,majority,election,liberty,,,,,,,,,,,,,,,,,,,,,,,,,,1,1,,,,,0,5,,,0,1,0,4,,,0,3,,,,,,,,,,,0,2,,,,,,,2,,1,,,,2,3,1,6,,5,,2,,,2,,,42.885406494141,-78.750297546387,-1,
R_2dAPR1tbbt1jSrI,Default Response Set,Anonymous,,,104.57.161.213,0,2015-04-12 20:09:37,2015-04-12 20:11:59,1,1,fairness,america,voting,government,choices,freedom,ballots,politics,leader,,,,,,,,,,,,,,,,,,,,,,1,1,,,,,,,,,,,,,,0,1,,,0,2,0,3,,,0,4,,,,,0,5,,,,,,,,,2,,1,,,,2,3,1,6,,3,,3,,,,3,,39.901000976562,-121.83059692383,-1,
R_1DLOnA8deoeeREK,Default Response Set,Anonymous,,,70.171.43.169,0,2015-04-12 20:09:06,2015-04-12 20:12:01,1,1,politics,voting,people,corruption,America,Democrats,Republicans,Presidents,senate,House of Representatives,fair,every vote counts,republic,western world,,,,,,,1,1,1,1,,,,,1,1,1,1,1,1,1,,1,,,,,,,,,0,2,0,4,0,1,0,3,,,,,,,,,,,,,,,0,5,,,1,,1,,,,3,1,2,6,,6,,2,,,1,,,29.573104858398,-82.407600402832,-1,
R_1MXuzvUjs9PGr5T,Default Response Set,Anonymous,,,76.106.243.147,0,2015-04-12 20:09:21,2015-04-12 20:12:02,1,1,fairness,equality,people,freedom,respect,discussion,sharing,voting,,,,,,,,,,,,,,,,,,,,,,,,,,,,,,,,,,,,,,0,5,,,0,4,0,1,0,3,,,,,0,2,,,,,,,,,,,2,,1,,,,4,2,2,6,,6,,2,,,2,,,30.083099365234,-81.862998962402,-1,
R_Ahuzxw3yVGayhyN,Default Response Set,Anonymous,,,71.84.170.143,0,2015-04-12 20:09:18,2015-04-12 20:12:12,1,1,Freedom,Liberty,Choice,Informed,Politics,Government ,,,,,,,,,,,,,,,,,,,,,,,,,,,,,,,1,,,,,,,,,0,1,,,,,,,0,5,,,,,,,0,4,0,2,0,3,,,,,2,,1,,,,1,1,1,6,,4,,2,,,1,,,42.28759765625,-122.90010070801,-1,
R_3r1zsIocXgpmyAo,Default Response Set,Anonymous,,,24.62.163.231,0,2015-04-12 20:09:46,2015-04-12 20:12:14,1,1,voting,fairness,everyone has a voice,controlled by the people,freedom,balance,,,,,,,,,,,,,,,,,1,,,,,,,,,,,,,1,1,,,,,,,,,0,2,0,3,0,1,0,4,,,,,,,,,,,,,0,5,,,,,2,,,,,1,4,2,2,6,,3,,2,,,1,,,43.013900756836,-71.435203552246,-1,
R_3mdWkXt7NhdWGCG,Default Response Set,Anonymous,,,209.112.212.78,0,2015-04-12 20:09:38,2015-04-12 20:12:55,1,1,Well intentioned,Good in theroy,Problematic in practice,Often corrupt,Greek,Not normally a true democracy,Inaccuratly named,,,,,,,,,,,,,,1,1,1,1,,,1,,,1,1,1,1,1,1,1,1,,,,,,,,,0,1,0,2,,,0,4,0,3,,,,,,,,,,,,,,,,,2,,1,,,,2,2,1,6,,2,,3,,,,1,,61.21809387207,-149.90029907227,-1,
R_2PdHe5aSM4I32VQ,Default Response Set,Anonymous,,,24.118.247.194,0,2015-04-12 20:09:33,2015-04-12 20:12:57,1,1,government,fairness,popular vote,people's government,corrupted,,,,,,,,,,,,,,,,,,,,,,,,,,,,,,1,1,1,,,,,,,,,0,1,,,,,0,4,,,0,3,0,5,0,2,,,,,,,,,,,2,,,,1,,1,3,2,3,,3,,2,,,1,,,44.878402709961,-93.279296875,-1,
R_QgpA7fDjyjZgksV,Default Response Set,Anonymous,,,74.108.158.203,0,2015-04-12 20:09:50,2015-04-12 20:13:19,1,1,goverment,law,country,democrat,republician,elections,politicians ,representatives ,,,,,,,,,,,,,,1,,,,,,,,,,,,,,,1,,,,,,,,,0,3,,,,,,,0,1,0,2,,,0,4,,,0,5,,,,,,,2,,,,,1,2,2,1,4,,2,,2,,,2,,thx,40.744903564453,-73.978202819824,-1,
R_PMSCYLDTVJ7NhAZ,Default Response Set,Anonymous,,,32.213.151.213,0,2015-04-12 20:09:50,2015-04-12 20:13:21,1,1,voting,popular will,majority rules,Athens,political parties,representative government,responsible government,one man one vote,equal rights,,,,,,,,,,,,1,1,1,,,,,1,1,1,1,1,1,,1,1,1,,,,,,,0,4,0,1,0,2,0,3,,,,,,,,,,,,,0,5,,,,,,,2,,1,,,,3,2,1,6,,5,,3,,,,1,,41.259902954102,-73.20760345459,-1,
R_1C7awJjKjq9BPqy,Default Response Set,Anonymous,,,64.223.88.91,0,2015-04-12 20:09:10,2015-04-12 20:13:28,1,1,freedom,liberty,equality,opportunity,progression,,,,,,,,,,,,,,,,,1,1,,,,,,,,,,,,,1,1,,,,,,,,,0,2,0,1,0,3,0,4,,,,,,,,,,,,,0,5,,,,,2,,,,,1,2,1,1,6,,5,,3,,,,1,,43.995697021484,-73.159599304199,-1,
R_2V4rJN6UnLhjB3W,Default Response Set,Anonymous,,,67.80.82.77,0,2015-04-12 20:09:10,2015-04-12 20:13:53,1,1,freedom,representation,economy,voting,government,congress,washington d.c.,elections,revolution,1776,,,,,,,,,,,,,,,,,,,,,,,,,,,,,,,,,,,,0,1,0,2,0,3,,,,,,,,,0,4,,,0,5,,,,,,,2,,,,,1,2,2,1,6,,8,,3,,,,1,,41.302200317383,-73.388298034668,-1,
R_2Bh5BU1xE5N4D3B,Default Response Set,Anonymous,,,69.223.129.39,0,2015-04-12 20:09:14,2015-04-12 20:13:54,1,1,freedom,voting,representatives,voice in government,greeks started it,USA,no taxation without representation,American Revolution,elected government,speaking out,,,,,,,,,,,,,,,,,,,,,,,1,,,1,,,,,,,,,,0,2,0,1,,,,,0,4,0,3,,,0,5,,,,,,,,,,,2,,1,,,,1,4,2,6,,5,,2,,,1,,,39.994201660156,-81.071296691895,-1,
R_3QW4VMFzfwnMKz2,Default Response Set,Anonymous,,,50.190.171.194,0,2015-04-12 20:10:39,2015-04-12 20:13:56,1,1,Particiapatory,Elections,Citizens,Voting,Money,Influence,Power,,,,,,,,,,,,,,,1,,,,,,,,,,,,,,1,1,,,,,,,0,5,0,3,,,,,,,0,4,0,1,,,,,,,0,2,,,,,,,2,,1,,,,5,2,1,6,,6,,3,,,,1,Thank you!,38.677993774414,-77.319702148438,-1,
R_2Sceg1KFu5VnBjv,Default Response Set,Anonymous,,,70.121.226.114,0,2015-04-12 20:08:58,2015-04-12 20:14:04,1,1,free,people,no laws everything is literally  majority rules in a true democracy,decisions,will of the people,election,voice,freedom,unorganized,,,,,,,,,,,,,,,,,,1,,1,1,,,,1,,,1,,,0,5,,,,,0,1,,,,,0,2,,,,,,,0,4,,,,,0,3,,,,,2,,,,,1,1,2,2,6,,4,,3,,,,1,,40.779602050781,-96.700103759766,-1,
R_Rw5wv1EsmokHI0F,Default Response Set,Anonymous,,,96.229.171.32,0,2015-04-12 20:09:58,2015-04-12 20:14:22,1,1,participatory,best alternative,partisanship,voting,inefficiency,,,,,,,,,,,,,,,,1,1,1,,,,,1,,,1,,1,,1,,1,,,,,,,0,5,0,4,0,3,0,2,,,,,,,,,,,,,0,1,,,,,,,2,,1,,,,2,1,1,3,,5,,3,,,,3,,34.1748046875,-117.87509918213,-1,
R_3ExQiUmpeNnJ3Iy,Default Response Set,Anonymous,,,24.20.9.77,0,2015-04-12 20:09:42,2015-04-12 20:14:22,1,1,elections,voting,fairness,rights,politics,equality,laws,representatives,people,United States,constitution,,,,,,,,,,1,1,,,,,,,,,,,1,,,,1,,,,,,,,,0,1,0,3,0,2,,,0,5,0,4,,,,,,,,,,,,,,,2,,1,,,,2,2,1,6,,5,,2,,,2,,"Everything was clear, thanks.",44.057998657227,-123.00630187988,-1,
R_2PkclpJ3dphIx2b,Default Response Set,Anonymous,,,74.70.97.252,0,2015-04-12 20:10:51,2015-04-12 20:14:35,1,1,Fair,Equal,The right thing,Justice,The best,Good,Great,Prosperous,Chance,The right way,A chance for everyone.,,,,,,,,,,,,,,,,,,,,,,1,,,,1,0,3,,,,,0,2,,,,,,,0,5,,,,,,,0,4,,,,,,,0,1,,,1,Spanish,,,1,1,1,2,1,4,,3,,3,,,,3,,42.794403076172,-73.865097045898,-1,
R_3kEPKiGjzrF63vq,Default Response Set,Anonymous,,,96.237.238.141,0,2015-04-12 20:10:34,2015-04-12 20:14:31,1,1,The USA,freedom,choice,politics,open elections,,,,,,,,,,,,,,,,,1,,,,,,,,,,,,,,1,,,,,,,,,,0,1,0,4,0,3,,,,,0,5,,,,,,,0,2,,,,,,,1,American Sign Language,1,,,,4,4,1,6,,7,,2,,,1,,,42.345794677734,-71.550598144531,-1,
R_2Eiz82efPI8Ukx9,Default Response Set,Anonymous,,,76.179.40.203,0,2015-04-12 20:09:24,2015-04-12 20:14:31,1,1,Freedom,Independence,Choices,Ethics,Reasonable,,,,,,,,,,,,,,,,,,,,,,,,,,,,1,,,,1,0,2,,,,,,,,,0,5,,,0,3,0,4,,,,,0,1,,,,,,,,,,,2,,1,,,,2,4,2,6,,3,,3,,,,1,,44.863494873047,-68.840202331543,-1,
R_2VQlPZcv9dsOxRS,Default Response Set,Anonymous,,,71.169.138.101,0,2015-04-12 20:10:24,2015-04-12 20:14:39,1,1,freedom,America,choice,power,helpful,decision,normal,equal,vote,,,,,,,,,,,,,1,,,,,,,,,,,,,1,1,1,,,,,,,,,,,0,4,0,2,,,0,1,0,5,,,0,3,,,,,,,,,,,2,,1,,,,2,2,1,6,,4,,1,,2,,,None.,44.419799804688,-72.43620300293,-1,
R_3MJC8MVCX2FoI4p,Default Response Set,Anonymous,,,72.79.195.181,0,2015-04-12 20:09:31,2015-04-12 20:15:08,1,1,everyone is treated equally,freedom of speech,peace,the right to a fair trial,protected by law,ability to pursue your dreams with no or little restrictions,free to come and go as you please,civilized,value for human life,the way it should be,civil rights,hope,comfortable society ,,,,,,,,,,,,,,,,,,1,,,,1,1,1,,,0,5,,,,,,,,,,,0,1,0,2,0,4,,,0,3,,,,,,,,,,,2,,1,,,,2,3,2,6,,5,,2,,,1,,,42.290298461914,-72.640403747559,-1,
R_2P52eL4S795EKSG,Default Response Set,Anonymous,,,66.196.14.31,0,2015-04-12 20:11:10,2015-04-12 20:15:18,1,1,freedom,fairness,USA,peace,family,,,,,,,,,,,,,,,,,,,,,,,,,,,,,,,,,,,,,,,,,0,4,,,,,0,3,0,2,0,1,,,,,,,0,5,,,,,,,2,,1,,,,2,4,2,6,,2,,2,,,1,,,31.044998168945,-97.508697509766,-1,
R_26bFECDVPQ0mBs8,Default Response Set,Anonymous,,,67.197.67.206,0,2015-04-12 20:10:21,2015-04-12 20:15:30,1,1,Freedom,Declaration of Independenc,Government,Constitution,States,Bill of Rights,People,Equality,Politics,,,,,,,,,,,,,1,,,,,,,,,,,1,,,,,,,,,,,,,,,,,,,0,3,0,2,0,4,0,5,0,1,,,,,,,,,,,2,,1,,,,5,4,1,6,,4,,1,,1,,,,34.966003417969,-81.080703735352,-1,
R_2zUP1QZrMV0VbAh,Default Response Set,Anonymous,,,65.183.140.246,0,2015-04-12 20:11:12,2015-04-12 20:15:48,1,1,Voting,demonstrating,free speech,fact checking,debate,will of the people,opinions,,,,,,,,,,,,,,,,,1,,,,,,,,,,,,1,,,,,,,,,,0,1,0,5,,,,,0,2,0,3,0,4,,,,,,,,,,,,,2,,1,,,,1,2,1,6,,3,,2,,,1,,,44.492904663086,-73.225303649902,-1,
R_8cYPxGpgoNRwcsJ,Default Response Set,Anonymous,,,76.250.34.134,0,2015-04-12 20:12:56,2015-04-12 20:15:51,1,1,Freedom,America,Fair,Equality,Representation,Government,Liberal,,,,,,,,,,,,,,,,,,,,,,,,,,1,,,,1,,,,,,,,,0,1,,,0,4,,,0,3,0,5,,,,,,,0,2,,,,,,,2,,,,1,1,3,2,1,6,,5,,2,,,1,,,43.074996948242,-89.459297180176,-1,
R_2pLGpTSLNSyYgAQ,Default Response Set,Anonymous,,,75.66.130.24,0,2015-04-12 20:11:14,2015-04-12 20:15:50,1,1,Freedom,Rights,Love,America,Flag,President,Patriotic,,,,,,,,,,,,,,,1,,,,,,,,,,,,,,1,,,,,,,,,,0,5,,,,,,,,,0,1,,,0,4,,,0,3,,,,,0,2,2,,1,,,,2,3,2,6,,4,,2,,,2,,Thanks,35.110794067383,-89.948303222656,-1,
R_1JF5Q7vM2An9W95,Default Response Set,Anonymous,,,205.201.80.52,0,2015-04-12 20:11:47,2015-04-12 20:15:52,1,1,Opportunity for all voices to be heard. ,Acceptance of diversity.,Tolerance,Religious freedom,Unity,Welcoming of immigrants,potential,fairness,justice,,,,,,,,,,,,,,1,1,,,,,,,,,,,1,,1,,,0,5,,,,,,,0,3,,,0,2,0,4,,,,,0,1,,,,,,,,,,,2,,1,,,,1,3,2,6,,3,,2,,,1,,,35.16130065918,-101.87899780273,-1,
R_2ANFIZh2TIxtiBW,Default Response Set,Anonymous,,,76.115.103.91,0,2015-04-12 20:11:41,2015-04-12 20:16:07,1,1,voice,freedom,america,voting,representative,constituion,declaration of indepedence,republic,congress,citizens,,,,,,,,,,,1,,1,,,,,,,,,,,,,,1,,,,,,,,,0,2,0,4,0,3,0,5,,,0,1,,,,,,,,,,,,,,,2,,1,,,,1,4,1,6,,5,,2,,,1,,none thank you,45.467697143555,-122.49589538574,-1,
R_1hzHtUWBrnnfDnM,Default Response Set,Anonymous,,,76.189.9.123,0,2015-04-12 20:11:13,2015-04-12 20:16:24,1,1,Freedom,Choice,united,fair ,liberty,equality,just,,,,,,,,,,,,,,,1,,,,,,,,,,,,,,,,,,,,,,,,0,2,0,4,0,3,0,1,,,,,,,0,5,,,,,,,,,,,2,,1,,,,3,3,1,6,,2,,1,,2,,,none,41.522705078125,-82.858901977539,-1,
R_bK2y5wlj4RN18xX,Default Response Set,Anonymous,,,69.23.141.8,0,2015-04-12 20:12:35,2015-04-12 20:16:31,1,1,freedom,choice,voting,representation,politics,Washington,President,parties,American,A group of like minded people,,,,,,,,,,,,,,,,,,1,,,,,,,,1,,,,,,,,,,0,1,,,0,4,,,0,3,0,5,,,,,,,0,2,,,,,,,2,,1,,,,1,2,2,6,,5,,3,,,,2,,31.854507446289,-106.53299713135,-1,
R_tPxFJdtWMiWyYJr,Default Response Set,Anonymous,,,24.1.124.173,0,2015-04-12 20:10:23,2015-04-12 20:16:55,1,1,elections,freedom,parties,will of the people,campaigning,political commercials,Citizens United :-(,corruption,Bought,Cost of Campaigning,Freedom to form parties,Fought for,Constitution,ELection Judges,,,,,,,1,1,,,,,,,,,,,,,1,1,,,,,,,,,,0,2,0,1,0,4,0,3,0,5,,,,,,,,,,,,,,,,,2,,1,,,,2,5,1,6,,6,,2,,,1,,,41.759002685547,-88.261497497559,-1,
R_UstuGCvq2JfVrwd,Default Response Set,Anonymous,,,24.16.250.189,0,2015-04-12 20:12:29,2015-04-12 20:17:00,1,1,voting,equal,politics,decided by people,fair,,,,,,,,,,,,,,,,,1,,1,,,,,,,,,,,1,1,1,,,,,,,,,0,1,0,2,,,,,,,0,5,,,0,3,,,0,4,,,,,,,2,,1,,,,1,3,2,6,,2,,3,,,,3,,47.647598266602,-122.53639984131,-1,
R_25z30QuDusxbxvS,Default Response Set,Anonymous,,,108.80.253.67,0,2015-04-12 20:09:30,2015-04-12 20:17:04,1,1,Freedom,Choice,Lies,Happiness,A trick,True democracy doesn't exist.,,,,,,,,,,,,,,,1,1,,1,,,1,1,,,1,1,,,1,1,1,,,,,,,,,0,2,0,3,,,,,0,4,0,5,,,,,0,1,,,,,,,,,2,,1,,,,1,1,2,6,,4,,4,anarcho syndicalist,,,1,,33.032501220703,-83.895698547363,-1,
R_SHR7NGmy3t3WbiV,Default Response Set,Anonymous,,,71.185.204.9,0,2015-04-12 20:13:47,2015-04-12 20:17:22,1,1,voice,freedom,liberty,founding fathers,voting,choice,progress,majority,equality,point of view,,,,,,,,,,,,,,,,,,,,,,,1,,,,,,,,,,,,,,,,,0,1,0,3,0,4,,,,,0,2,,,0,5,,,,,,,1,,,,1,1,2,2,2,6,,6,,2,,,2,,,40.180404663086,-74.892997741699,-1,
R_O2Wps9bQTImAg25,Default Response Set,Anonymous,,,72.204.2.238,0,2015-04-12 20:13:32,2015-04-12 20:17:36,1,1,people,leader,fairness,opinions,equality,politics,president,,,,,,,,,,,,,,,,,,,,,,,,,,,,,,,,,,,,,,,0,5,,,0,4,0,1,0,3,,,,,0,2,,,,,,,,,,,2,,1,,,,2,1,2,6,,5,,5,,,,1,,36.118896484375,-93.984001159668,-1,
R_a4SHhEPDTsSr2kp,Default Response Set,Anonymous,,,96.125.232.10,0,2015-04-12 20:11:28,2015-04-12 20:17:39,1,1,freedom,mob rule,everyone gets a say,confusion between it and representative republic,"America, but not really",,,,,,,,,,,,,,,,,1,,,,,1,,,1,1,,1,1,1,1,1,0,4,,,,,0,2,0,1,0,3,,,,,0,5,,,,,,,,,,,,,,,,,2,,1,,,,1,2,2,6,,3,,1,,1,,,,34.926605224609,-86.957000732422,-1,
R_22VKIzP8JSjG4JL,Default Response Set,Anonymous,,,99.173.148.142,0,2015-04-12 20:13:40,2015-04-12 20:17:40,1,1,usa,freedom,checks and balances,elections,1776,washington dc,federal,,,,,,,,,,,,,,,1,,,,,,1,,,,,,,,,,0,5,,,,,,,,,,,0,3,,,0,1,0,2,,,,,,,0,4,,,,,,,2,,,,,1,4,4,1,6,,5,,1,,2,,,no comments,35.902206420898,-78.628303527832,-1,
R_87zihZmMVpvzMat,Default Response Set,Anonymous,,,172.56.6.9,0,2015-04-12 20:13:12,2015-04-12 20:17:42,1,1,Fair,Equal,Voting,Left,Government,Of the people,1st World,,,,,,,,,,,,,,1,1,,,,,,,,,,,,,,,,,,,,,,,,,,,,0,1,,,0,2,,,,,0,4,0,5,,,,,0,3,,,2,,,,,1,3,2,1,6,,3,,2,,,2,,,32.724304199219,-97.080497741699,-1,
R_3FLmIkiTtkYarYi,Default Response Set,Anonymous,,,72.239.217.130,0,2015-04-12 20:14:12,2015-04-12 20:17:44,1,1,freedom,rights,free market,elections,voting,United States,Europe,corruption,,,,,,,,,,,,,,1,,,,,,,,,,,,,,1,,,,,,,,0,5,0,1,,,0,2,,,,,0,4,,,,,,,0,3,,,,,,,2,,1,,,,1,2,2,6,,3,,3,,,,1,,29.162200927734,-81.007499694824,-1,
R_31F3NkXY3ME5QKd,Default Response Set,Anonymous,,,166.170.40.180,0,2015-04-12 20:11:00,2015-04-12 20:17:49,1,1,freedom,capitalism,free speech,red white blue,fireworks,4th of july,,,,,,,,,,,,,,,,,,,,,,,,,,,,,,,1,0,5,,,,,,,,,,,0,4,,,0,2,0,1,0,3,,,,,,,,,,,,,2,,1,,,,3,2,2,6,,4,,2,,,2,,none,37.77490234375,-122.41940307617,-1,
R_3PTRTVPaTYFpo97,Default Response Set,Anonymous,,,173.52.251.75,0,2015-04-12 20:10:37,2015-04-12 20:17:50,1,1,choice,by the people,elected officials,voting,politics,freedom of speech,civil liberties,,,,,,,,,,,,,,,,,,,,,,,,,,,,,,,,,,,,,,,0,5,,,,,0,3,0,2,0,1,,,0,4,,,,,,,,,,,1,Chinese,,,1,,1,1,2,3,,3,,5,,,,3,,40.623397827148,-74.028800964355,-1,
R_2wuXRK6plmcOP50,Default Response Set,Anonymous,,,73.174.16.77,0,2015-04-12 20:15:08,2015-04-12 20:17:55,1,1,will of people,representative,elections ,campaign ads,voting,equality,,,,,,,,,,,,,,,,,,,,,,,,,,,,,,1,1,,,,,,,,,0,4,0,2,0,1,,,0,3,,,,,,,,,,,0,5,,,,,2,,1,,,,2,2,2,6,,5,,2,,,1,,,40.404998779297,-79.974098205566,-1,
R_1OGOjZMk6berC52,Default Response Set,Anonymous,,,174.65.82.6,0,2015-04-12 20:13:46,2015-04-12 20:18:00,1,1,working together,freedom,having a say  ,debating,compromise,looking out for each other,,,,,,,,,,,,,,,,,,,,,,,,,,,,,,,,,,0,5,,,,,,,,,,,,,0,3,0,1,0,4,0,2,,,,,,,,,,,2,,1,,,,2,4,2,6,,2,,2,,,1,,Never  really thought about what    it meant  to me.   NIce    study.. thought provoking..  Thank you ,32.84049987793,-116.87969970703,-1,
R_1C8D6PzfH7R3uzZ,Default Response Set,Anonymous,,,96.254.190.99,0,2015-04-12 20:09:56,2015-04-12 20:18:11,1,1,equality,fairness,unity,system,rules,support,,,,,,,,,,,,,,,,,,,,,,,,,,,,,,,,,,,,,,,,,,,,0,5,,,0,3,0,2,,,0,4,,,0,1,,,,,,,2,,,1,1,1,2,4,2,6,,2,,1,,2,,,"While I may have been born in Canada, I have lived in the United States for 9 1/2 years and now feel more American than I do Canadian.  I do pay attention to politics on a daily basis.  ",27.258499145508,-82.514999389648,-1,
R_2CpGrmPycEIJih9,Default Response Set,Anonymous,,,75.138.86.255,0,2015-04-12 20:14:59,2015-04-12 20:18:12,1,1,freedom,america,choice,government,control,order,social,equality,demanding,ideal,power,,,,,,,,,,,,,,,,,,,,,,,,,1,,,,,,0,3,,,0,5,,,,,0,2,,,,,,,0,1,,,,,0,4,,,,,2,,1,,,,3,2,1,6,,5,,2,,,2,,,33.451400756836,-84.186996459961,-1,
R_3J4B1r2ihHDyoIb,Default Response Set,Anonymous,,,131.156.157.207,0,2015-04-12 20:12:53,2015-04-12 20:18:18,1,1,Freedom,Election,America,President,official,states,governed by the peopl,for the people,legitimate,fair,optimal,,,,,,,,,,,,,1,1,1,1,1,1,1,,1,,1,,,,,,,,,,,,,,,,,,,,,,,,0,1,,,0,2,,,0,3,0,4,0,5,2,,1,,,,2,1,1,6,,4,,3,,,,1,"When you mentioned adoption of Western values, I guess I meant the values as defined by the various constitutions in the West. Not necessarily that everyone should be like Britain or America, just that they should have modern and fair constitutions.",41.896301269531,-88.744201660156,-1,
R_3PGJHIUXLmOm2Oe,Default Response Set,Anonymous,,,73.8.145.2,0,2015-04-12 20:14:54,2015-04-12 20:18:19,1,1,Freedom,voting ,choice ,equaliy,Democrats ,hope ,elections,,,,,,,,,,,,,,,,,,,,,,,,,,,,,,,,,,,,,,,,,0,2,,,0,4,0,5,0,3,,,0,1,,,,,,,,,,,2,,,,,1,3,4,1,6,,5,,2,,,2,,,41.785293579102,-87.773399353027,-1,
R_BL1NCbWyF38nYDT,Default Response Set,Anonymous,,,50.137.123.127,0,2015-04-12 20:12:59,2015-04-12 20:18:20,1,1,improving income,stop lying,work,help,people,,,,,,,,,,,,,,,,1,,,,,,,1,,,1,1,,1,1,,,,,,,,,,,,,0,5,0,4,,,0,1,0,2,,,,,,,,,,,,,0,3,1,,1,,,,2,3,1,7,,3,,3,,,,3,,43.35920715332,-72.336303710938,-1,
R_1eDEUkoKPo799DE,Default Response Set,Anonymous,,,162.17.146.94,0,2015-04-12 20:12:37,2015-04-12 20:18:19,1,1,Voting,Elections,"Of the people, by the people, for the people",ideas,Civil rights,Constitutional freedoms,What the U.S. used to be,equality,,,,,,,,,,,,,,,1,,,,,,,,,,,,,,1,,,,,,,,,,,0,1,,,0,5,0,4,,,,,0,2,0,3,,,,,,,,,2,,1,,,,4,4,1,6,,4,,2,,,1,,,42.27490234375,-84.401702880859,-1,
R_3L5bK9vsCtlA1uR,Default Response Set,Anonymous,,,98.229.147.7,0,2015-04-12 20:16:20,2015-04-12 20:18:25,1,1,equality,freedom,fairness,voting,representation,people ,,,,,,,,,,,,,,,1,1,,,,,,,,,,,,,,,,,,,,,,,,0,4,,,0,2,0,1,0,3,,,,,,,,,0,5,,,,,,,2,,1,,,,4,3,1,6,,7,,2,,,2,,,42.334594726562,-71.036201477051,-1,
R_1GTfeaujIsKTx56,Default Response Set,Anonymous,,,72.251.37.162,0,2015-04-12 20:14:42,2015-04-12 20:18:25,1,1,fair,uncorrupted,union,equal,everyone,,,,,,,,,,,,,,,,,1,,,,,,,,,,,,,,,1,,,,,,,,,0,3,,,0,4,,,0,5,0,1,,,,,,,0,2,,,,,,,2,,1,,,,2,4,2,6,,5,,5,,,,3,,40.43440246582,-80.024803161621,-1,
R_1gIowfUQPVaQA9L,Default Response Set,Anonymous,,,68.240.230.223,0,2015-04-12 20:10:51,2015-04-12 20:18:33,1,1,freedom,choice,fairness,elected,independence,votes,elections,majority,live and let live,equality,the best,Opposite of dictatorship.,,,,,,,,,,,,,,,,,,,,,,,,,1,,,,,,,,,0,5,0,4,,,0,1,0,2,,,,,0,3,,,,,,,,,,,1,,1,,,,1,3,2,1,,3,,2,,,2,,,32.783096313477,-96.806701660156,-1,
R_1eqOx9YCDdGfJqI,Default Response Set,Anonymous,,,184.89.150.222,0,2015-04-12 20:12:20,2015-04-12 20:18:33,1,1,Government,People,Equality,Fairness,Voting,Politics,A Country run by it's people.,,,,,,,,,,,,,,,1,1,,,,,,,,1,,1,,1,1,1,,,,,,,,,0,5,,,,,0,4,0,1,0,3,,,0,2,,,,,,,,,,,2,,,1,1,1,1,2,1,3,,2,,3,,,,3,Thanks!,28.288696289062,-81.32039642334,-1,
R_1isMygtVeNebrF5,Default Response Set,Anonymous,,,23.116.176.198,0,2015-04-12 20:16:42,2015-04-12 20:18:43,1,1,voting,choice,new form of government,weak,indecisive,blue,,,,,,,,,,,,,,,,,,,,,,,,,1,,1,,1,1,1,0,4,,,,,,,0,2,0,3,,,0,1,0,5,,,,,,,,,,,,,,,,,1,Spanish,,,1,,1,1,1,4,,3,,3,,,,1,,25.937194824219,-80.317001342773,-1,
R_31QUoV2WpU0tStd,Default Response Set,Anonymous,,,104.5.101.101,0,2015-04-12 20:13:21,2015-04-12 20:18:46,1,1,fair,people,system,democrait ,goverment ,,,,,,,,,,,,,,,,,,,,,,,,,,,,1,,,1,,,,0,5,,,,,0,3,,,,,,,0,1,0,2,,,0,4,,,,,,,,,,,2,,1,,,,2,4,1,1,,3,,2,,,2,,none,36.539596557617,-119.64520263672,-1,
R_2s4hACbK45G8k5d,Default Response Set,Anonymous,,,76.185.210.15,0,2015-04-12 20:13:52,2015-04-12 20:18:49,1,1,Freedom,For the people,Vote,Fairness,Equality,Elected offcials,,,,,,,,,,,,,,,,,,,,,,,,,,,,,,1,,,,,,,,0,4,0,1,0,3,0,2,0,5,,,,,,,,,,,,,,,,,,,2,,1,,,,3,2,1,6,,3,,2,,,2,,,32.931701660156,-96.616203308105,-1,
R_1oisnrfOWoU16uo,Default Response Set,Anonymous,,,99.53.240.166,0,2015-04-12 20:09:07,2015-04-12 20:18:52,1,1,vote,freedom,election,United States,choice,majority,senators,representatives,government,politics,constitution,,,,,,,,,,,1,,,,,,,,,,,,,,,,0,5,,,,,,,0,2,0,3,0,1,,,,,,,,,,,,,0,4,,,,,,,2,,1,,,,2,4,2,6,,3,,1,,1,,,,38.019897460938,-121.38059997559,-1,
R_5bPXE7aKiaByc2l,Default Response Set,Anonymous,,,71.189.147.192,0,2015-04-12 20:16:38,2015-04-12 20:18:54,1,1,people,choice,government,taxes,free,congress,senate,,,,,,,,,,,,,,,,,,,,,,,,,,,,,1,,,,0,1,,,0,3,0,2,,,,,0,4,,,0,5,,,,,,,,,,,,,,,1,urdu,,1,1,1,1,1,1,8,middle eastern,4,,3,,,,3,,34.069900512695,-117.9421005249,-1,
R_3hryJF03G6DokuG,Default Response Set,Anonymous,,,155.41.125.61,0,2015-04-12 20:14:34,2015-04-12 20:18:58,1,1,freedom,political participation,representation,elected leaders,United States of America,separation of church and state,president,Barack Obama,political parties,Democrats,Republicans,elections,votes,political campaigning,political advertising,,,,,,,,,,,,,,,,,,,,,1,1,,,,,,,0,4,0,1,0,2,0,5,,,0,3,,,,,,,,,,,,,,,,,1,Russian,,1,1,1,4,1,2,6,,3,,2,,,1,,,42.345092773438,-71.099296569824,-1,
R_2idHh2r7lyRTGXT,Default Response Set,Anonymous,,,76.241.1.61,0,2015-04-12 20:14:39,2015-04-12 20:18:58,1,1,transparency,freedom,liberty,rights,action,voting,choices,equal,moral,constitution,,,,,,,,,,,,,,,,,,,,,,,,,,1,1,,,,,,,,,0,2,0,3,0,4,,,,,0,1,,,0,5,,,,,,,,,,,2,,1,,,,3,2,1,6,,5,,2,,,2,,thanks,37.975296020508,-121.32440185547,-1,
R_2WuwIuupWhrLJb6,Default Response Set,Anonymous,,,162.104.2.37,0,2015-04-12 20:15:44,2015-04-12 20:19:00,1,1,vote,peoples will,personal freedom,election,term limit,,,,,,,,,,,,,,,,,1,,,,,,1,,,,,,,,,,0,4,,,0,5,,,,,0,3,,,,,,,,,,,,,,,0,1,,,,,0,2,2,,1,,,,2,3,1,6,,3,,1,,1,,,,36.300003051758,-82.382400512695,-1,
R_3Eg12GQRkh2x2UP,Default Response Set,Anonymous,,,24.126.23.117,0,2015-04-12 20:13:57,2015-04-12 20:19:04,1,1,equality,justice,freedom of speech,elective representation,social equality,voting,,,,,,,,,,,,,,,,,,1,1,1,1,1,1,1,1,1,1,1,1,,,0,4,0,3,0,2,,,,,,,,,,,,,,,,,,,,,,,,,0,1,0,5,2,,1,,,,3,4,1,6,,5,,2,,,1,,,39.456207275391,-77.963897705078,-1,
R_DV8KvIx1apqEIud,Default Response Set,Anonymous,,,24.253.98.200,0,2015-04-12 20:12:31,2015-04-12 20:19:04,1,1,voting,united states,government,congress,republicans,democrats,legistature,senate,freedom,rights,,,,,,,,,,,,1,,,,,,1,,,,,,,1,1,1,,,,,,,0,3,0,2,0,1,0,4,,,0,5,,,,,,,,,,,,,,,,,2,,1,,,,2,3,1,6,,3,,3,,,,3,No problems. Thank you.,36.234893798828,-115.29049682617,-1,
R_eLoKB5cMyLXKPU5,Default Response Set,Anonymous,,,71.112.152.106,0,2015-04-12 20:17:16,2015-04-12 20:19:07,1,1,freedom,justice,equality,the voice of the people,common good,voting,,,,,,,,,,,,,,,,1,,,,,,,,,,,,,,1,1,,,,,,,,,0,5,0,1,0,2,0,3,,,,,,,,,,,0,4,,,,,,,2,,,,1,1,5,1,1,3,,5,,1,,2,,,,40.504806518555,-79.913200378418,-1,
R_RJGgVtePhptojGp,Default Response Set,Anonymous,,,50.156.248.160,0,2015-04-12 20:16:54,2015-04-12 20:19:08,1,1,For the people,Equality,Open Forum,Representation,Politics,,,,,,,,,,,,,,,,1,1,,,,,,,,,,,,,,1,1,,,,,,,,,0,5,0,2,0,3,0,1,,,0,4,,,,,,,,,,,,,,,2,,1,,,,2,2,1,6,,4,,2,,,2,,none,35.981704711914,-84.128997802734,-1,
R_1EikgzIG4E1cz1I,Default Response Set,Anonymous,,,71.9.113.233,0,2015-04-12 20:17:24,2015-04-12 20:19:08,1,1,free,constitution,laws,regulations,senate,congress,,,,,,,,,,,,,,,,,,,,,,1,,,,,,,,,,,,,,,,,,0,2,0,3,,,,,,,0,4,0,5,,,,,0,1,,,,,,,2,,,,1,,1,2,1,3,,2,,3,,,,3,,34.137802124023,-117.9474029541,-1,
R_3HpgkJD8OPHpJiq,Default Response Set,Anonymous,,,69.171.176.31,0,2015-04-12 20:14:37,2015-04-12 20:19:10,1,1,voting,president,fair,unfair,republic,partisanship,bias,chaos,ineffective,,,,,,,,,,,,1,1,1,,,,,1,,,1,,,,1,,1,,,,,,,0,3,0,5,0,2,0,1,,,,,,,,,,,,,0,4,,,,,,,2,,,,,1,1,5,2,6,,5,,3,,,,1,,39.332595825195,-76.692802429199,-1,
R_2q4vrymKk45AFCC,Default Response Set,Anonymous,,,184.47.85.219,0,2015-04-12 20:17:08,2015-04-12 20:19:11,1,1,freedom,special,lucky,money,hard-working,,,,,,,,,,,,,,,,,,,,1,,,,,,,,,,,,,,,0,2,,,,,,,0,4,,,0,5,0,1,,,,,,,,,,,0,3,,,,,2,,1,,,,1,1,1,6,,2,,3,,,,3,thank you,34.377593994141,-83.760498046875,-1,
R_W2mer8p0rLRf1ex,Default Response Set,Anonymous,,,108.176.65.67,0,2015-04-12 20:15:54,2015-04-12 20:19:13,1,1,freedom,choice,america,politics,founding fathers,religious freedom,political freedom,freedom of speech,freedom of religion,free to do what makes you happy,,,,,,,,,,,1,,1,1,1,1,1,1,1,1,1,1,1,1,1,1,,,,0,2,,,,,,,,,,,,,,,,,,,,,,,,,,,,,0,1,2,,1,,,,3,3,1,6,,5,,1,,2,,,,42.749496459961,-73.595100402832,-1,
R_3gXhWy8wZQ9IPQN,Default Response Set,Anonymous,,,104.0.9.194,0,2015-04-12 20:17:14,2015-04-12 20:19:17,1,1,freedom,voting,rights,america,people,congress,,,,,,,,,,,,,,,,,,,,,,,,,,,,,,1,,0,5,,,,,,,,,,,,,,,0,2,0,4,,,0,1,,,,,0,3,,,,,2,,1,,,,3,1,1,6,,2,,2,,,2,,,38.828903198242,-91.974403381348,-1,
R_1rB3wqtW0iRlXQS,Default Response Set,Anonymous,,,68.104.118.28,0,2015-04-12 20:16:29,2015-04-12 20:19:23,1,1,campaign,ballot,constitution,government,president,state,voting,election,,,,,,,,,,,,,,,,,,,,,,,,1,,,1,1,,,,,,,,,,0,2,,,,,0,1,0,5,0,4,,,,,,,0,3,,,,,,,1,,,,1,1,5,1,1,3,,4,,1,,2,,,,36.175003051758,-115.13719940186,-1,
R_2tDWXA8T86VGz1C,Default Response Set,Anonymous,,,72.71.252.49,0,2015-04-12 20:17:36,2015-04-12 20:19:24,1,1,Freedom,Rights,Choice,Free will,For the people,Voting,By the people,,,,,,,,,,,,,,,1,,,,,,,,,,,,,,1,1,0,2,,,0,5,,,0,3,,,,,0,1,,,0,4,,,,,,,,,,,,,,,2,,1,,,,3,1,1,6,,3,,1,,1,,,,42.794998168945,-71.225601196289,-1,
R_3syu32pFdCz3Vp7,Default Response Set,Anonymous,,,173.247.8.99,0,2015-04-12 20:16:22,2015-04-12 20:19:29,1,1,United States,Democrat,Republican,Constitution,Declaration of Independence,Thomas Paine,Freedom,,,,,,,,,,,,,,,,,,,,,,,,,,,,1,,1,,,,,,,0,5,0,1,,,0,2,,,,,,,,,0,4,,,0,3,,,,,,,2,,1,,,,3,2,1,6,,6,,2,,,2,,,35.170501708984,-85.209503173828,-1,
R_3KqHKqpYwhGOuG1,Default Response Set,Anonymous,,,76.181.49.204,0,2015-04-12 20:17:53,2015-04-12 20:19:38,1,1,Freedom,Values,Ability to vote,Founding Fathers,Leaving England,United States,How we elect our officals,,,,,,,,,,,,,,,1,,,,,,,1,,,,,,,,,0,2,,,,,,,0,5,,,,,0,3,,,,,,,,,,,0,1,0,4,,,,,2,,1,,,,3,2,1,6,,6,,1,,2,,,fun to do,40.029006958008,-83.080902099609,-1,
R_6led5FPgqjvFgdj,Default Response Set,Anonymous,,,65.30.173.170,0,2015-04-12 20:17:19,2015-04-12 20:19:38,1,1,freedom,rule by people,peace,good,just,,,,,,,,,,,,,,,,1,,1,,,,,,1,1,1,,,1,,1,1,,,,,,,,,0,2,0,3,0,1,0,5,,,,,,,0,4,,,,,,,,,,,2,,1,,,,1,2,1,6,,6,,5,,,,3,,42.911697387695,-87.860702514648,-1,
R_3gZ2GKkWry5Sp3C,Default Response Set,Anonymous,,,192.206.106.2,0,2015-04-12 20:16:52,2015-04-12 20:19:43,1,1,america,politics,government,capitalism,republic,,,,,,,,,,,,,,,,,1,,1,,,,,,,,,,,,1,,0,4,,,,,,,,,,,0,1,,,0,2,,,,,0,3,,,0,5,,,,,,,2,,1,,,,1,1,2,1,,3,,3,,,,2,,40.782501220703,-96.638999938965,-1,
R_2q7TXVOu6PR52YN,Default Response Set,Anonymous,,,129.81.56.185,0,2015-04-12 20:17:01,2015-04-12 20:19:54,1,1,fairness,election,merit,free,just,lie,liberal,open,fine,greedy,capitalist,hypocritical,leanient,civilized,modern,lacking,incomplete,better,superior,underhanded,,,,,,,,,,,,,,,,1,1,,,0,2,,,,,0,1,0,5,0,3,,,,,0,4,,,,,,,,,,,,,,,2,,1,,,,2,2,1,6,,5,,3,,,,2,,29.946792602539,-90.123001098633,-1,
R_XwgKGJji0rTy78R,Default Response Set,Anonymous,,,99.53.89.88,0,2015-04-12 20:17:56,2015-04-12 20:20:04,1,1,fairness ,America ,freedom ,we the people ,positive ,,,,,,,,,,,,,,,,,,,,,,,,,,,,,,,,,0,1,,,,,,,0,4,0,3,,,,,,,,,,,,,,,0,2,0,5,,,,,2,,1,,,,3,1,1,4,,4,,2,,,1,,,34.147598266602,-117.45809936523,-1,
R_2TntzYsj156xl97,Default Response Set,Anonymous,,,72.188.0.73,0,2015-04-12 20:15:12,2015-04-12 20:20:08,1,1,Freedom,For the people,United States,Obama,Not for the rich people for the lower class,,,,,,,,,,,,,,,,,1,,,,,,,1,,,,,,,,,,,,,,,,,,,,,,,0,1,,,0,4,,,0,3,,,,,0,2,,,0,5,2,,,,,1,1,1,2,7,,3,,2,,,1,,,29.045303344727,-81.397598266602,-1,
R_1QisFT0qYTaUSd3,Default Response Set,Anonymous,,,104.172.37.161,0,2015-04-12 20:17:59,2015-04-12 20:20:08,1,1,freedom,blue,donkey,Barack Obama,inclusive,voting,,,,,,,,,,,,,,,,,,,,,,,,,,,1,,,1,1,,,,,,,,,0,2,,,,,0,1,0,5,0,4,,,0,3,,,,,,,,,,,2,,,1,,,3,1,1,3,,5,,1,,2,,,,33.995803833008,-117.81890106201,-1,
R_1on9CHEJtq2REg4,Default Response Set,Anonymous,,,76.88.138.96,0,2015-04-12 20:14:59,2015-04-12 20:20:09,1,1,fairness,voting,Capitalism,America,First-world countries,election,rights,people's choice,modern,,,,,,,,,,,,,,,,,,,,,,,,,,,,,0,4,,,,,,,0,1,0,2,,,0,5,,,0,3,,,,,,,,,,,,,,,2,,,,1,1,4,2,1,3,,3,,2,,,2,,,21.421905517578,-157.93710327148,-1,
R_2XjOhEGGQAHN6cv,Default Response Set,Anonymous,,,108.71.190.215,0,2015-04-12 20:15:23,2015-04-12 20:20:09,1,1,vote,elect,representative,rights,freedom,term,people,constitution,,,,,,,,,,,,,,1,,,,,,,,,,,,,,,1,,,,,,,,,0,4,,,0,3,,,0,1,0,2,,,,,0,5,,,,,,,,,2,,,,1,1,2,2,1,7,,4,,3,,,,3,None,29.921401977539,-95.609397888184,-1,
R_3FOid2Q0zAqk2bM,Default Response Set,Anonymous,,,75.194.117.52,0,2015-04-12 20:16:11,2015-04-12 20:20:12,1,1,Freedom,History ,Foundation,Founding Fathers,Ideal,Freedom of Speech,,,,,,,,,,,,,,,,,,,,,,,,,,,,,,,,,,,,,,,,0,2,,,,,0,5,,,,,,,0,1,,,0,3,0,4,,,,,2,,1,,,,1,2,1,6,,3,,1,,1,,,"Interesting survey, I enjoyed it!",42.479507446289,-73.769599914551,-1,
R_1rBo3P8S5DFGSac,Default Response Set,Anonymous,,,70.187.85.139,0,2015-04-12 20:17:43,2015-04-12 20:20:19,1,1,people,vote,republic,government,for the people,by the people,fairness,equality,,,,,,,,,,,,,1,,,,,,,,,,,,,,,1,,,,,,,,,,0,1,0,4,,,0,5,0,3,,,,,,,,,,,0,2,,,,,2,,,,1,1,2,2,1,3,,5,,3,,,,1,,29.676605224609,-82.385498046875,-1,
R_1cV8yDhswiQAOcT,Default Response Set,Anonymous,,,174.60.100.2,0,2015-04-12 20:12:17,2015-04-12 20:20:20,1,1,voting,by the people,representation,America,freedom,equality,,,,,,,,,,,,,,,,1,,,,,,,,,,,1,,,1,,,,,,,,,,0,5,,,0,4,,,0,3,,,,,0,2,,,0,1,,,,,,,2,,1,,,,4,4,2,6,,3,,1,,1,,,none,41.398803710938,-76.792198181152,-1,
R_2dFl3LiGmrl8uzV,Default Response Set,Anonymous,,,69.14.182.252,0,2015-04-12 20:17:08,2015-04-12 20:20:25,1,1,form of government,voting,Western,corruption,equality,fair,,,,,,,,,,,,,,,1,1,1,,,1,1,1,1,1,,1,1,1,1,,1,,,,,,,0,3,0,1,,,,,,,,,,,0,2,,,,,,,,,0,4,,,2,,1,,,,1,2,2,6,,5,,3,,,,3,,42.489501953125,-83.141899108887,-1,
R_22EQuvq2RldJ3Oa,Default Response Set,Anonymous,,,72.64.102.165,0,2015-04-12 20:17:45,2015-04-12 20:20:26,1,1,people,vote,president,vice president,opinion,electoral college,joke,not really,does my vote even count?,what good is it doing?,freedom,challenges,,,,,,,,,,,,,,,,,,,,,,,,,,,,,,,,,,0,1,0,2,0,3,,,0,4,,,0,5,,,,,,,,,,,,,2,,1,,,,3,3,2,6,,4,,3,,,,1,,33.016204833984,-96.538200378418,-1,
R_2pRxHMN32VvjJ9w,Default Response Set,Anonymous,,,149.61.162.172,0,2015-04-12 20:16:21,2015-04-12 20:20:31,1,1,justice,equality,freedom,america,unreal,captial,capitalism,slavery,,,,,,,,,,,,,,1,,1,1,,1,,,,,1,,,1,,,,,,,0,3,,,,,,,,,0,1,0,5,,,,,,,0,2,0,4,,,,,,,2,,1,,,,2,1,1,6,,3,,3,,,,3,Very interesting survey.,40.900100708008,-73.899299621582,-1,
R_30hRAiQdMQoK6up,Default Response Set,Anonymous,,,24.131.197.53,0,2015-04-12 20:13:26,2015-04-12 20:20:36,1,1,freedom,republic democracy,America,rule by the people,officials ,,,,,,,,,,,,,,,,,1,,,,,,1,1,,,,,,,1,1,,,,,,,0,2,0,4,0,3,0,1,,,,,,,,,0,5,,,,,,,,,,,2,,1,,,,1,2,1,6,,2,,3,,,,2,,40.773101806641,-80.395896911621,-1,
R_2pSPXtiOsof2mi1,Default Response Set,Anonymous,,,75.32.4.147,0,2015-04-12 20:16:49,2015-04-12 20:20:37,1,1,voting,deliberation,options,right,United States,representation,change,,,,,,,,,,,,,,,1,,,,,,,,,,,,,,,,,,,,,,,,,,0,4,0,3,,,0,5,0,2,,,,,,,0,1,,,,,,,2,,,,,1,3,3,1,6,,5,,1,,2,,,,32.972198486328,-96.737602233887,-1,
R_VW2jPR54jIhfWet,Default Response Set,Anonymous,,,206.255.3.62,0,2015-04-12 20:17:04,2015-04-12 20:20:38,1,1,freedom,choices,fairness,equal,jobs,money,homes,food,wealth,,,,,,,,,,,,,1,,,1,,,,,,,,,,,,,,,,,0,5,,,,,,,,,,,0,2,0,3,,,0,1,,,,,,,,,0,4,2,,1,,,,1,4,2,6,,2,,1,,1,,,thanks,32.512893676758,-94.795402526855,-1,
R_27IR1YThnI6rJD6,Default Response Set,Anonymous,,,135.26.168.47,0,2015-04-12 20:17:48,2015-04-12 20:20:39,1,1,people,vote,say,influence,America,government,,,,,,,,,,,,,,,,,1,,,,,,,,,,,,1,,1,,,,,,,,,0,2,0,3,0,1,0,4,0,5,,,,,,,,,,,,,,,,,2,,1,,,,1,1,2,6,,5,,3,,,,1,,39.408401489258,-88.804397583008,-1,
R_p3EFQJrqII2nKeZ,Default Response Set,Anonymous,,,24.21.190.35,0,2015-04-12 20:17:26,2015-04-12 20:20:47,1,1,representation,America,voting,freedom,enlightenment,Athens,,,,,,,,,,,,,,,1,1,,,,,,1,,,,,,,,,1,,,,,,,,,0,1,0,4,0,2,,,,,0,5,0,3,,,,,,,,,,,,,2,,,,1,1,1,2,1,7,,2,,3,,,,1,,45.476303100586,-122.64080047607,-1,
R_vuJCzjnj7Km5vcB,Default Response Set,Anonymous,,,108.86.18.27,0,2015-04-12 20:16:06,2015-04-12 20:21:00,1,1,Politics,Voting,Representation ,Issues,Governance,Federalism ,,,,,,,,,,,,,,,,1,,,,,,,,,1,1,,,,1,1,0,5,,,,,,,,,0,4,0,3,,,,,0,1,,,,,,,0,2,,,,,,,2,,1,,,,4,2,1,6,,8,JD,3,,,,2,,42.033401489258,-88.083396911621,-1,
R_1Ov5cb8luSs4CTm,Default Response Set,Anonymous,,,73.33.156.8,0,2015-04-12 20:16:31,2015-04-12 20:21:03,1,1,freedom,choice,vote,leadership,liberty,independence,options,fair,,,,,,,,,,,,,,1,,,,,,,,,1,,,,,,1,,,,,,,0,2,0,3,,,0,4,0,5,0,1,,,,,,,,,,,,,,,,,2,,1,,,,3,3,2,6,,5,,2,,,2,,,39.974197387695,-74.345100402832,-1,
R_XnOyYQomfyIGnsJ,Default Response Set,Anonymous,,,70.162.195.4,0,2015-04-12 20:17:29,2015-04-12 20:21:07,1,1,freedom,United States,vote,power to people,elections,,,,,,,,,,,,,,,,1,1,1,,,,,,,,1,,,,1,,1,,,,,,,,,,,0,2,0,1,,,,,,,,,0,5,,,0,4,,,0,3,,,1,Spanish,,1,1,1,3,1,1,4,,3,,3,,,,1,,32.24479675293,-110.92320251465,-1,
R_1jiFlsOL2zWX5nR,Default Response Set,Anonymous,,,50.97.142.166,0,2015-04-12 20:18:23,2015-04-12 20:21:25,1,1,voting,equality,respect,tolerance,understanding,peace,openness,fairness,,,,,,,,,,,,,,,,,,,,,,,,,,,,,1,,,,,,,,,0,1,0,4,0,2,,,,,0,3,,,0,5,,,,,,,,,,,2,,,,1,1,2,2,1,3,,4,,3,,,,1,N/A,32.783096313477,-96.806701660156,-1,
R_278Lx9f2emjpRnf,Default Response Set,Anonymous,,,70.171.5.184,0,2015-04-12 20:17:25,2015-04-12 20:21:33,1,1,Idealistic,Unfair,Ridculous,Meaningless ,Bias,,,,,,,,,,,,,,,,1,,,,,,,,,,,,,,,1,1,,,0,4,,,,,,,,,,,0,1,0,3,0,5,,,0,2,,,,,,,,,,,2,,1,,,,1,1,2,6,,2,,2,,,2,,,29.643295288086,-82.321403503418,-1,
R_RfcFmJW8Ukagxl7,Default Response Set,Anonymous,,,100.11.117.239,0,2015-04-12 20:18:34,2015-04-12 20:21:35,1,1,fair,vote,citizen rights,freedom,election,congress,people,,,,,,,,,,,,,,,1,,,,,,,,,1,,,,,1,,,,,,,,0,1,,,0,2,0,3,,,0,5,0,4,,,,,,,,,,,,,,,2,,,,1,1,4,3,2,3,,7,,3,,,,1,,40.226196289062,-75.293098449707,-1,
R_3fkslS6OlmkrFPP,Default Response Set,Anonymous,,,184.100.65.66,0,2015-04-12 20:19:01,2015-04-12 20:21:40,1,1,Voting,Government,USA,Ruling,Majority,,,,,,,,,,,,,,,,,,,,,,,,,,,,,,,1,,,,,,,,,,,,0,5,,,,,0,3,0,2,0,4,0,1,,,,,,,,,,,2,,1,,,,3,1,2,6,,2,,2,,,1,,,44.984298706055,-93.265403747559,-1,
R_1QyWpmo5n62aALO,Default Response Set,Anonymous,,,67.240.160.193,0,2015-04-12 20:19:08,2015-04-12 20:21:44,1,1,Government,America,Democrat,Republican,Not working,Corporations are people,Electoral College,Popular Vote,,,,,,,,,,,,,,1,,,,,1,1,,,,,,,,,,0,3,,,,,,,,,,,,,,,,,0,2,,,0,1,,,,,0,4,,,0,5,2,,1,,,,3,1,1,6,,5,,2,,,2,,,43.073593139648,-77.864196777344,-1,
R_2ARJiMTBHC7kVyS,Default Response Set,Anonymous,,,69.175.85.2,0,2015-04-12 20:13:40,2015-04-12 20:21:47,1,1,mindless voters,fraud,deceit,rich corporations,oil,lies,,,,,,,,,,,,,,,,,,,,,1,1,,,,,,,1,,,,,,,,,,,,,0,1,,,,,0,5,0,4,,,0,2,,,0,3,,,,,,,2,,1,,,,3,2,1,6,,5,,3,,,,3,"Democracy  is a lie. Rich corporations have owned us since even before The Fed, but it is still getting worse. The future is bleak. ",41.887603759766,-87.63680267334,-1,
R_eKcbf9HRBYO26J7,Default Response Set,Anonymous,,,99.174.110.224,0,2015-04-12 20:15:58,2015-04-12 20:21:49,1,1,fair,equal,freedom ,majority ,ownership,self-relience ,expression,,,,,,,,,,,,,,,1,,,,,,,,,,,,,,1,,,,,,,,,,0,5,0,4,,,0,2,0,1,,,,,0,3,,,,,,,,,,,2,,1,,,,2,2,2,1,,4,,3,,,,1,"I had no issues, thank you. ",30.218704223633,-81.753997802734,-1,
R_25g7B89hvSBsYi5,Default Response Set,Anonymous,,,76.88.158.148,0,2015-04-12 20:18:14,2015-04-12 20:21:52,1,1,voting,representation,majority rule,minority rights,Greece,"The more democratic the country's name, the less democratic it is in practice",,,,,,,,,,,,,,,1,1,,,,,,,,,,,,,,1,1,,,,,,,0,3,0,2,0,4,0,5,,,0,1,,,,,,,,,,,,,,,,,2,,1,,,,3,2,1,3,,5,,2,,,2,,,19.697601318359,-155.14129638672,-1,
R_01duAF9MfviObrr,Default Response Set,Anonymous,,,96.225.24.210,0,2015-04-12 20:19:48,2015-04-12 20:21:59,1,1,Freedom,Stability,Choice,Free market,United States,Western,Money,Capitalism,Law,,,,,,,,,,,,,1,,,,,,,,,,,,,,,1,,,,,,,,,,,0,2,0,3,,,0,5,,,,,0,1,,,0,4,,,,,,,1,,,,1,,3,4,1,6,,6,,1,,2,,,,40.751800537109,-74.066200256348,-1,
R_1Fe40MoUfqmKNW1,Default Response Set,Anonymous,,,24.112.188.249,0,2015-04-12 20:18:10,2015-04-12 20:22:11,1,1,free elections,freedom,good in theory,ideal,elected representatives,freedom to protest,freedom of the press,not United States,,,,,,,,,,,,,,1,1,,,,,1,1,,1,1,,,1,,1,,,,,,,,,0,2,0,1,0,3,,,,,0,4,,,,,,,0,5,,,,,,,2,,,,,1,1,4,2,6,,3,,3,,,,1,,39.295303344727,-80.933898925781,-1,
R_2WM4lUwdbp4RYp8,Default Response Set,Anonymous,,,24.163.12.121,0,2015-04-12 20:18:36,2015-04-12 20:22:16,1,1,vote,fair,majority,politics,government,system,,,,,,,,,,,,,,,,,,,,,,,,,,,,,,,1,,,,,,,,,0,5,0,3,0,4,0,2,,,,,,,0,1,,,,,,,,,,,2,,1,,,,2,2,1,6,,5,,3,,,,1,,36.007904052734,-80.369697570801,-1,
R_ulUoNRLG8XmX18B,Default Response Set,Anonymous,,,68.97.212.192,0,2015-04-12 20:16:43,2015-04-12 20:22:16,1,1,freedom ,people ,group choices,equality,opposing sides,compromise ,collaboration ,voices ,,,,,,,,,,,,,,,,,,,,,,,,,,,,,,0,2,,,,,0,5,0,4,,,0,3,,,,,,,,,0,1,,,,,,,,,,,1,Russian,,,1,,1,1,1,6,,1,,2,,,2,,,35.542297363281,-97.618896484375,-1,
R_2wmZGmIokynK18Y,Default Response Set,Anonymous,,,23.27.220.95,0,2015-04-12 20:18:51,2015-04-12 20:22:18,1,1,Freedom,Choice,Representation,Participation,Vote,,,,,,,,,,,,,,,,,,,,,,,,,,,,,,,1,,,,,,,,,,,,0,3,,,,,0,4,0,2,,,0,1,,,0,5,,,,,,,2,,1,,,,2,2,1,1,,5,,3,,,,2,,37.372100830078,-121.86430358887,-1,
R_1F3NP4quJ6Tvuyz,Default Response Set,Anonymous,,,104.145.68.57,0,2015-04-12 20:19:30,2015-04-12 20:22:21,1,1,lies,corrupt,not true,other nations,war,politions,middle man,interest groups,uneducated,church and state,,,,,,,,,,,,1,,1,1,1,1,1,1,1,1,1,,,1,,,0,1,,,0,3,,,,,,,,,,,,,,,,,,,0,4,0,5,,,0,2,,,2,,1,,,,1,1,2,1,,3,,2,,,2,,,33.575607299805,-85.134002685547,-1,
R_XXSX4W9E4222aWZ,Default Response Set,Anonymous,,,174.102.74.15,0,2015-04-12 20:18:57,2015-04-12 20:22:26,1,1,liberty,voting,popular,mob,representative,republic,america,rome,republican,democrat,,,,,,,,,,,,1,1,1,1,1,1,1,1,1,1,1,1,1,1,,,0,2,,,,,,,,,,,,,,,,,,,,,,,,,,,,,0,1,0,3,2,,1,,,,3,2,1,6,,6,,2,,,1,,,41.398895263672,-83.653900146484,-1,
R_1DZnVoIKRcIPKLn,Default Response Set,Anonymous,,,50.163.197.242,0,2015-04-12 20:18:44,2015-04-12 20:22:45,1,1,United States of America,Freedom,Liberty,Statue of Liberty,Ellis Island,Land Of Opportunity,Communism,Presidency,Declaration of Independence,George Washington,Revolutionary War,Voting,,,,,,,,,,1,,,,,,,,,,,,,,,,,,,,,,,,0,2,0,3,0,5,0,1,,,,,,,,,,,,,0,4,,,,,2,,1,,,,5,2,1,6,,5,,1,,2,,,,40.622406005859,-79.145401000977,-1,
R_12x1QXgsfmy7mRR,Default Response Set,Anonymous,,,24.159.15.49,0,2015-04-12 20:16:16,2015-04-12 20:22:49,1,1,government,elected representatives,elections,vote,majority rules,equality,free maket,freedom,political parties,citizen representation,,,,,,,,,,,,1,,,,,,,,,,,,,,1,,,,,,,,,,0,2,0,1,0,3,,,0,5,,,,,,,,,0,4,,,,,,,2,,1,,,,1,2,2,6,,5,,1,,2,,,,36.222198486328,-83.323699951172,-1,
R_325CzOsQhKKBV4L,Default Response Set,Anonymous,,,54.201.25.160,0,2015-04-12 20:16:37,2015-04-12 20:22:51,1,1,freedom of speech,freedom of the press,fairness,freedom to bear arm,president ,censorship,calmer society,,,,,,,,,,,,,,,,,,,,,,,,,,,,,,1,,,,,,,,,0,3,,,0,4,0,2,,,,,,,,,,,0,1,,,0,5,,,2,,,,1,,2,1,2,1,,3,,2,,,2,,Great survey!,45.839904785156,-119.70059967041,-1,
R_2gHNABbvfhXdqil,Default Response Set,Anonymous,,,173.16.89.246,0,2015-04-12 20:19:55,2015-04-12 20:23:22,1,1,law,justice,equality,government,politics,,,,,,,,,,,,,,,,,,,,,,,,,,,,1,,1,,,,,0,3,,,,,,,,,,,,,0,2,0,5,,,0,1,,,0,4,,,,,,,2,,1,,,,1,4,2,6,,3,,2,,,2,,,43.059997558594,-91.056800842285,-1,
R_2OZo7Uq7f9HMeL6,Default Response Set,Anonymous,,,71.34.75.127,0,2015-04-12 20:15:24,2015-04-12 20:23:24,1,1,Freedom,Democrats,Republicans,USA,War,Bureaucracy ,The West,1st World ,Capitalism ,,,,,,,,,,,,,,,,,,,,,,,,,,,,1,,,,,,,,,0,1,,,0,5,0,4,0,3,,,,,0,2,,,,,,,,,,,2,,,,,1,2,2,1,6,,2,,2,,,2,,,45.481796264648,-122.60049438477,-1,
R_126iult5BVfrIZt,Default Response Set,Anonymous,,,24.1.74.48,0,2015-04-12 20:19:06,2015-04-12 20:23:26,1,1,America,Together,Direct Democracy,Government ,Federation,Old,Founding Fathers,Washington D.C.,,,,,,,,,,,,,,1,,,,,,,,,1,,,,,1,,,,,,0,5,,,,,,,0,3,,,0,4,0,2,,,0,1,,,,,,,,,,,2,,1,,,,4,1,1,6,,4,,3,,,,1,,39.770599365234,-88.866203308105,-1,
R_ULq2ggl8o1pyVJn,Default Response Set,Anonymous,,,174.16.152.127,0,2015-04-12 20:18:14,2015-04-12 20:23:27,1,1,Choice,Groups,Concensus,Compromise,Everyone has a voice.,Politics,Government,Debate,Elected officials,,,,,,,,,,,,,,,,,,,,,,,,,,,1,,,,,,,,,,0,4,,,,,0,2,0,3,0,5,,,0,1,,,,,,,,,,,2,,1,,,,1,2,1,6,,3,,3,,,,1,No additional comments,39.764007568359,-105.0179977417,-1,
R_qxDoKkUAfT1QS0p,Default Response Set,Anonymous,,,64.139.253.68,0,2015-04-12 20:16:32,2015-04-12 20:23:29,1,1,voting,free speech,equal rights,freedom,compromise,due process,elected president,balance,constitution,,,,,,,,,,,,1,,,,,,,,,,,,,,,1,1,,,0,4,,,,,0,3,,,,,,,0,2,,,,,0,1,,,,,0,5,,,,,2,,1,,,,2,5,2,6,,5,,2,,,1,,,41.318099975586,-122.32020568848,-1,
R_9Socnyaf42U9Yo9,Default Response Set,Anonymous,,,78.29.243.121,0,2015-04-12 20:19:11,2015-04-12 20:23:29,1,1,Social progression,Less conservative,Evolving,Fair,Fresh,Economical,Environmental,Honest,Generous,,,,,,,,,,,,,,,,,,,,,,,,,,,,1,,,,,,,,,0,2,,,,,0,3,,,0,5,,,0,1,,,,,0,4,,,,,1,"Spanish, Dutch, French",1,,,,5,2,1,4,,5,,2,,,2,,"After doing the word association part and then reading what you supplied, I felt like my answers were inadequate so here are a few more ""robuster"" answers: /  / Pro gay-marriage / Semi-pro Marajuana / Quasi-socialist / Progressive / Reformative",50.846603393555,4.3527984619141,-1,
R_1CqpztgNrCOA24S,Default Response Set,Anonymous,,,72.243.180.41,0,2015-04-12 20:19:06,2015-04-12 20:23:32,1,1,government,people,political,party,rights,vote,,,,,,,,,,,,,,,,,,,,,,,,,,,,,,1,,,,0,5,,,,,,,,,,,0,2,0,1,,,,,0,4,,,0,3,,,,,,,2,,1,,,,2,3,2,6,,1,,5,,,,2,,34.118698120117,-86.562103271484,-1,
R_3p5604yURsFTgJW,Default Response Set,Anonymous,,,96.225.51.31,0,2015-04-12 20:20:03,2015-04-12 20:23:38,1,1,Liberty,Government,Voting,Freedom,Human Rights,Constitution,Independence,Congress,President,,,,,,,,,,,,,1,,,,,,,,,,,,,,1,1,,,,,,,,,0,5,,,0,2,0,1,0,4,,,,,0,3,,,,,,,,,,,1,Tibetan,,,1,1,3,1,1,3,,5,,2,,,2,,No comments.,40.911102294922,-74.142501831055,-1,
R_3lY0uibiBDHz8tk,Default Response Set,Anonymous,,,71.214.127.129,0,2015-04-12 20:20:19,2015-04-12 20:23:38,1,1,false,lies,manipulation,freedom,choice,lack of choice,farce ,,,,,,,,,,,,,,1,,1,,,,,,,,,,,,,1,,,,0,2,,,,,,,,,,,,,0,3,0,5,,,0,1,0,4,,,,,,,,,2,,,,1,,2,1,2,6,,2,,3,,,,3,,45.514602661133,-122.5991973877,-1,
R_3gXEcnF2GZQvfAD,Default Response Set,Anonymous,,,75.133.201.170,0,2015-04-12 20:20:20,2015-04-12 20:23:43,1,1,freedom,speech,work,write,act,,,,,,,,,,,,,,,,,,,,,,,,,,,,1,,,,,,,0,2,,,0,4,0,3,,,0,5,,,,,,,,,,,,,,,,,0,1,,,1,Kannada,,1,1,1,5,3,2,3,,6,,2,,,2,,,42.201095581055,-85.616897583008,-1,
R_3iQiJN1YDuN4aMn,Default Response Set,Anonymous,,,68.73.225.12,0,2015-04-12 20:18:52,2015-04-12 20:23:44,1,1,united states,politics,not republican,Congress,President,debate,complicated,arguments ,,,,,,,,,,,,,1,1,1,1,1,1,1,,,1,1,,,1,1,,1,,,,,,,,,,,,,,,0,3,0,2,,,,,0,5,0,1,,,,,0,4,,,2,,1,,,,1,1,1,6,,4,,1,,1,,,Thank you for the opportunity. ,41.191604614258,-87.855499267578,-1,
R_ahGLi3c0ys3rcjv,Default Response Set,Anonymous,,,65.128.194.152,0,2015-04-12 20:17:44,2015-04-12 20:23:46,1,1,consensus,majority rule,independence,freedom,participation,decision-making,disagreement,liberty,self-determination,election,,,,,,,,,,,1,,,,,,,,,,,,,,,,1,,,,,,,0,4,,,0,1,0,2,,,,,,,0,3,,,0,5,,,,,,,,,2,,1,,,,2,3,2,6,,5,,2,,,1,,,45.020294189453,-93.245002746582,-1,
R_2v5QZ25Vho0KTlW,Default Response Set,Anonymous,,,66.90.145.86,0,2015-04-12 20:19:31,2015-04-12 20:23:54,1,1,HISTORY,people,freedom,voting,fairness,america,egal,washington,,,,,,,,,,,,,,,,,,,,,,,,,,,,,,,,,,,,,,0,2,0,3,,,,,0,1,,,,,0,4,,,0,5,,,,,,,1,French,,,1,,2,1,2,6,,5,,3,,,,1,,30.294097900391,-97.709701538086,-1,
R_31zr9Fv3v2jx4jT,Default Response Set,Anonymous,,,96.228.51.96,0,2015-04-12 20:19:11,2015-04-12 20:24:06,1,1,freedom,united states,liberal,voting,transparent,fair,equal,not the united states any more,rights,justice,,,,,,,,,,,,,1,,,,,,,,,,,,,,1,,,,,,,,,0,2,,,0,1,,,0,4,,,,,0,5,0,3,,,,,,,,,2,,1,,,,2,4,2,6,,5,,2,,,1,,,37.444900512695,-77.298301696777,-1,
R_8weeYaj0EvqvgSB,Default Response Set,Anonymous,,,98.244.146.126,0,2015-04-12 20:18:30,2015-04-12 20:24:07,1,1,freedom,people have the power,voting,free will,stability,community,government by the people,,,,,,,,,,,,,,,1,,,,,,,,,,,,,,1,,,,,,,,,,0,1,,,0,2,0,4,0,5,0,3,,,,,,,,,,,,,,,2,,,,,1,3,3,2,6,,5,,3,,,,1,,31.997100830078,-80.964500427246,-1,
R_Tpl1fUaT6MnJgZP,Default Response Set,Anonymous,,,174.54.221.242,0,2015-04-12 20:18:35,2015-04-12 20:24:09,1,1,freedom,fairness,equality,government,ruling,rules,power,,,,,,,,,,,,,,,,,,,,,,,,,,,,,,,,,,,,,,,,,,,,,0,3,0,4,,,,,0,2,0,5,0,1,,,,,,,2,,1,,,,1,1,1,6,,2,,2,,,1,,Very nice survey thank you,40.27619934082,-76.788902282715,-1,
R_1rvIEtWX8oUjzZ4,Default Response Set,Anonymous,,,98.253.157.182,0,2015-04-12 20:19:44,2015-04-12 20:24:20,1,1,Justice,Fairness,Equality,Voting,Approval,Majority,Appointed,Left-wing,President,America,,,,,,,,,,,,,,,,,,,,,1,,,,,,1,,,,,,,0,4,0,2,,,0,3,0,1,,,0,5,,,,,,,,,,,,,,,2,,,,,1,4,1,1,7,,5,,2,,,1,,Thank you for the opportunity.,41.744400024414,-87.605400085449,-1,
R_1Hc9ohTGFj6F7xo,Default Response Set,Anonymous,,,76.177.197.195,0,2015-04-12 20:19:20,2015-04-12 20:24:29,1,1,politics,freedom,usa,flag,patriotic,president,vote,people,voters,voting,ballot,elections,representatives,politicians,,,,,,,,,,,,,,,,,,,,,,1,,,,,,,,0,2,,,0,5,0,1,,,,,0,3,,,0,4,,,,,,,,,,,2,,1,,,,2,4,1,6,,3,,2,,,2,,,37.645401000977,-84.817100524902,-1,
R_3KGz6Jnx23CIOeA,Default Response Set,Anonymous,,,66.214.226.8,0,2015-04-12 20:19:19,2015-04-12 20:24:30,1,1,majority wins,democratic,false freedom,politics,nations,,,,,,,,,,,,,,,,,,,,,,,,,,,,,,,,,,,,,,,,,,,,,,,0,4,0,2,0,5,0,3,0,1,,,,,,,,,,,2,,,,,1,1,3,2,6,,3,,2,,,2,,,35.150894165039,-117.92150115967,-1,
R_O8BdDqxhRxoePUR,Default Response Set,Anonymous,,,71.62.15.84,0,2015-04-12 20:16:51,2015-04-12 20:24:35,1,1,Free,Understanding,Helpful,Contribute,Trendy,Independent,,,,,,,,,,,,,,,,1,,,,,,,,,,,,,,1,,,,,,,,,,0,3,,,,,0,4,0,5,,,0,2,0,1,,,,,,,,,,,2,,1,,,,2,2,2,6,,2,,3,,,,2,,38.136093139648,-79.062301635742,-1,
R_1gnpDiarZXR08Bh,Default Response Set,Anonymous,,,97.125.82.200,0,2015-04-12 20:18:56,2015-04-12 20:24:36,1,1,equal vote,direct vote,not the United Staes,unwieldy for every decision,noble,rare,ideal,philosophy,"difficult under capitalism, when the dollar has a huge vote",the goal,,,,,,,,,,,1,,,,,,,,,,,,,,,1,1,,,,,,,,,0,1,0,2,,,,,0,4,,,0,5,,,,,,,0,3,,,,,2,,1,,,,1,4,2,6,,5,,2,,,1,,none,43.216506958008,-123.34170532227,-1,
R_3sjHDEnBr6Mhm7M,Default Response Set,Anonymous,,,24.220.97.137,0,2015-04-12 20:16:10,2015-04-12 20:24:40,1,1,Voice of the people,Liberty,Election,President,Voters,,,,,,,,,,,,,,,,1,1,1,,,,,,,,,,,,,1,1,,,,,,,0,3,0,1,0,5,0,2,,,,,,,,,,,,,,,0,4,,,,,2,,1,,,,1,2,2,6,,3,,2,,,1,,,47.87190246582,-97.150299072266,-1,
R_3nJd76nI48O7oOV,Default Response Set,Anonymous,,,72.42.162.167,0,2015-04-12 20:20:20,2015-04-12 20:24:41,1,1,voting,fairness,justice,America,Western world,choice,freedom,liberty,,,,,,,,,,,,,,1,,,,,,,,,,,,,,,,,,,,,,,,0,5,0,4,,,0,1,0,2,,,,,0,3,,,,,,,,,,,1,Mongolian,1,,,,3,2,1,6,,5,,1,,2,,,,61.145401000977,-149.76640319824,-1,
R_27p1xm2fkGpKQbT,Default Response Set,Anonymous,,,64.128.254.163,0,2015-04-12 20:16:55,2015-04-12 20:24:44,1,1,Votes,Representation,Conservative,Liberal,Order,Understanding,Compromise,Popularity,Money,Lesser of two evils,Hope for the best,Favors,Tension,Conflict,Drama,Walking on eggshells,#ThanksObama,Publicity,Talking points,Goverment,,,,,,,,,,,,,,,,,,,,,,,,,,,,0,4,0,5,,,0,2,0,1,,,,,,,,,0,3,,,,,2,,1,,,,2,2,1,6,,4,,3,,,,1,,28.800598144531,-81.273101806641,-1,
R_3irJ9eWsd1yNvVw,Default Response Set,Anonymous,,,75.142.19.77,0,2015-04-12 20:19:05,2015-04-12 20:24:57,1,1,2 wolves and a sheep deciding on what's for dinner,majority rules,a republic,free expression,voting,freedom,representatives,a President,3 branches of government,,,,,,,,,,,,,1,,,,,,,,,,,,,,,,0,5,,,,,,,0,3,,,0,4,,,,,0,1,,,,,,,0,2,,,,,,,2,,1,,,,2,5,2,6,,4,,5,,,,3,"Good survey, thanks!",42.138595581055,-124.24639892578,-1,
R_1o7LzSyOCBHyR5s,Default Response Set,Anonymous,,,173.23.27.17,0,2015-04-12 20:21:17,2015-04-12 20:25:23,1,1,representation,faction,universal suffrage,participation,debate,equality,opportunity,secular,,,,,,,,,,,,,1,1,,,,,,,,,,,,,,1,,,,,,,,,,0,2,0,3,0,1,,,0,4,,,,,,,0,5,,,,,,,,,2,,,,,1,5,4,2,6,,7,,2,,,1,,,39.499496459961,-88.158096313477,-1,
R_3sAKhOaI1dovvvR,Default Response Set,Anonymous,,,173.22.64.186,0,2015-04-12 20:19:22,2015-04-12 20:25:32,1,1,People,Freedom,Representatives,United States,Senate,House,Mob Rule,,,,,,,,,,,,,,1,1,1,1,,1,,1,1,1,1,1,1,1,1,1,1,,,,,,,,,0,1,,,0,2,,,,,,,,,,,,,,,,,,,,,2,,1,,,,2,2,1,6,,5,,4,Libertarian,,,2,,36.472595214844,-76.157897949219,-1,
R_2rC4fRWxvYVzDgz,Default Response Set,Anonymous,,,66.74.188.243,0,2015-04-12 20:20:12,2015-04-12 20:25:40,1,1,Greece,Free Press,Voting Rights,Non exclusion,Citizens,Elected officials,Big money vs. big public,Voices,Western Governments,,,,,,,,,,,,1,,1,,,,,,,,,,,1,,1,,,,,,,,0,1,0,3,0,2,0,4,,,0,5,,,,,,,,,,,,,,,,,2,,1,,,,1,3,1,6,,2,,2,,,2,,Thank You.,34.153701782227,-116.41889953613,-1,
R_3iLk1OWqnnSRuI6,Default Response Set,Anonymous,,,72.195.177.21,0,2015-04-12 20:19:11,2015-04-12 20:25:59,1,1,Equal,Balance,Open,Listening ,Everyone,,,,,,,,,,,,,,,,,,,,,,,,,,,,,,,,,0,4,,,,,,,0,5,,,,,0,1,,,0,3,,,,,,,0,2,,,,,,,2,,1,,,,3,2,1,1,,2,,3,,,,2,"Thanks for the oppurtunity, blessings!",32.581405639648,-83.628601074219,-1,
R_2DSrVz320f8YwBK,Default Response Set,Anonymous,,,54.174.77.195,0,2015-04-12 20:15:21,2015-04-12 20:26:10,1,1,America,Freedom,rights,constitution,governments,representation,election,rule by the majority,athens,separation of power,president,parliment,,,,,,,,,,,,,,,,,,,1,,,,,,,0,5,,,,,,,0,1,,,0,3,,,0,4,,,,,0,2,,,,,,,,,,,2,,1,,,,3,1,1,6,,3,,2,,,2,,,39.043701171875,-77.487503051758,-1,
R_10rvB9KdVhqli8N,Default Response Set,Anonymous,,,64.237.238.170,0,2015-04-12 20:20:08,2015-04-12 20:26:20,1,1,freedom,government,laws,political,rights for the people,,,,,,,,,,,,,,,,,,,1,,,,,,,,,,,,1,,,,,,,,,,,,,,,,,,0,1,0,2,0,4,0,3,,,0,5,,,,,,,2,,1,,,,3,3,2,6,,8,doctor,3,,,,3,,18.420806884766,-66.061599731445,-1,
R_2VKgcX5pMp5DOIN,Default Response Set,Anonymous,,,50.110.29.126,0,2015-04-12 20:20:07,2015-04-12 20:26:46,1,1,rules,civil rights,government,people,elect,leaders,political,social,vote,,,,,,,,,,,,1,1,,,,,1,,,,,1,,,1,1,,,,,,,,0,3,0,4,,,,,,,0,5,0,1,,,,,,,0,2,,,,,,,2,,1,,,,3,4,2,6,,4,,1,,1,,,,38.294403076172,-81.609596252441,-1,
R_1FIC8NyopYOudUY,Default Response Set,Anonymous,,,184.100.226.239,0,2015-04-12 20:18:23,2015-04-12 20:26:46,1,1,FAIR,FREEDOM,REPRESENTATION,LAWS,RULE OF LAW,OPEN,TOLERANT,EQUALITY,ORDERLY,HAPPY,HUMANITY,HUMAINE,JUSTICE,,,,,,,,,,,,,,,,,,,,,,,,1,,,,,,,0,4,0,2,0,1,0,3,,,,,0,5,,,,,,,,,,,,,,,2,,1,,,,4,4,2,6,,5,,2,,,1,,NO COMMENTS,45.630004882812,-122.51989746094,-1,
R_3lFc0iLmHsPQq3v,Default Response Set,Anonymous,,,98.212.134.161,0,2015-04-12 20:23:13,2015-04-12 20:26:50,1,1,freedom,voting,politics,choices,for the people,,,,,,,,,,,,,,,,,1,,1,,,,,,,,,1,,,1,,,,,,,,,,0,3,0,1,0,4,,,,,0,2,,,0,5,,,,,,,,,,,2,,1,,,,2,2,1,6,,5,,1,,2,,,,40.109497070312,-88.212303161621,-1,
R_3stWmv3D9DN7pfy,Default Response Set,Anonymous,,,64.53.118.215,0,2015-04-12 20:24:07,2015-04-12 20:26:56,1,1,EVERYONE HAS A SAY,USA,EQUAL,EVERYONE VOICE,CAPITALISM,POLITICS,,,,,,,,,,,,,,,,1,1,,,,,,,,,,,,,,,,,,,,,,,0,5,,,,,0,1,0,2,0,4,,,,,,,0,3,,,,,,,2,,1,,,,1,1,1,6,,3,,2,,,1,,,36.463394165039,-80.350997924805,-1,
R_3mlXNQsG5xYeh6r,Default Response Set,Anonymous,,,72.76.88.42,0,2015-04-12 20:21:30,2015-04-12 20:27:03,1,1,liberal,right,soft,accepting,diverse,immigrants,culture,,,,,,,,,,,,,,,,,,,,,,,,,,,,,,1,0,1,0,2,,,,,,,,,,,0,3,0,4,,,,,0,5,,,,,,,,,,,1,Korean,,1,1,1,2,2,1,3,,5,,3,,,,3,,40.751602172852,-74.12020111084,-1,
R_qPEwKCDH1KJf4Ax,Default Response Set,Anonymous,,,66.30.102.105,0,2015-04-12 20:17:42,2015-04-12 20:27:04,1,1,united states of america,freedom,justice,liberty,fair/equal,voting,,,,,,,,,,,,,,,,1,1,,,,,,,,,,1,,1,,1,,,,,,,0,5,0,2,0,1,0,3,,,0,4,,,,,,,,,,,,,,,,,2,,1,,,,3,3,2,6,,2,,1,,2,,,,43.175598144531,-71.410400390625,-1,
R_1lyrfNVeL6cgomB,Default Response Set,Anonymous,,,173.58.211.149,0,2015-04-12 20:18:45,2015-04-12 20:27:08,1,1,freedom,choice,liberty,ownership,rights,dreams,ambition,wealth,,,,,,,,,,,,,,,,,,,,,,,,,,,,,,0,4,0,5,,,,,0,3,,,,,0,1,0,2,,,,,,,,,,,,,,,,,2,,,,1,1,2,2,1,1,,3,,3,,,,1,,33.866104125977,-118.05279541016,-1,
R_DSPhYprwnOZFKLv,Default Response Set,Anonymous,,,54.174.77.195,0,2015-04-12 20:23:04,2015-04-12 20:27:37,1,1,Correct,Smarter,Logical,Middle Class,Change,Progressive,Moving Forward,Young,,,,,,,,,,,,,,,,,,,,,,,,,1,,,1,,,,0,1,,,,,,,,,,,0,2,0,4,,,,,0,3,,,,,0,5,,,,,2,,,,1,,3,2,1,3,,5,,2,,,1,,,39.043701171875,-77.487503051758,-1,
R_3oXZHgepVqmej0Y,Default Response Set,Anonymous,,,99.121.61.204,0,2015-04-12 20:18:29,2015-04-12 20:27:41,1,1,election,debate,one vote,peaceful,governed by consent,,,,,,,,,,,,,,,,1,1,,,,,,,,,,1,1,,1,1,1,,,,,0,4,0,5,,,,,0,3,,,,,0,2,,,,,,,0,1,,,,,,,2,,,,1,,3,2,1,6,,5,,1,,1,,,,37.514694213867,-122.04229736328,-1,
R_3hhGG7Hf2GR9xMl,Default Response Set,Anonymous,,,108.71.36.40,0,2015-04-12 20:16:05,2015-04-12 20:27:41,1,1,free elected officials,power is vested in people,fairness,freeedom,social equality,liberal government,justice,,,,,,,,,,,,,,,,,,,,,,,,,,,,1,,1,,,,,,,,,,,,,,,0,1,0,5,0,2,,,0,3,,,0,4,,,,,,,2,,,,1,1,1,4,2,6,,3,,1,,2,,,Very good survey with great questions about democracy. Thank you for letting me participate today.,34.231292724609,-118.14860534668,-1,
R_28zYlJ9FGtaWmQX,Default Response Set,Anonymous,,,71.183.221.230,0,2015-04-12 20:16:16,2015-04-12 20:27:41,1,1,Freedom,Freedom of speech,Freedom of choice,Freedom of religion,Being able to choose leadership,Being able to elect representatives,Being able to effectively change laws or important issues,Citizens are protected by a constitution,Government largely does not intervene in the affairs of its citizen,Government listens to its citizens,,,,,,,,,,,,,,,,,,,,,,,,,,,1,,,,,,,,,0,5,0,3,,,,,0,2,0,1,,,0,4,,,,,,,,,,,2,,,,1,1,2,2,1,3,,5,,2,,,2,,,40.597503662109,-73.997901916504,-1,
R_barmVJjqYHOdk2t,Default Response Set,Anonymous,,,208.111.120.36,0,2015-04-12 20:22:13,2015-04-12 20:27:43,1,1,Freedom,Hope,Rights,A chance,Choice,Being Heard,Being Served,Unity,Equality,,,,,,,,,,,,,1,,,,,,,,,,,,,,1,,0,3,,,0,4,,,,,0,5,,,0,2,,,,,,,0,1,,,,,,,,,,,2,,1,,,,3,3,2,1,,5,,1,,2,,,,32.189895629883,-86.67960357666,-1,
R_URVoNlcjJqSuDE5,Default Response Set,Anonymous,,,65.33.115.117,0,2015-04-12 20:24:58,2015-04-12 20:27:43,1,1,equal rights,privileges for everyone,United States,by the people for the people,free system,social equality,,,,,,,,,,,,,,,,1,,,,,,,,,,,,1,,,,0,1,,,,,,,,,,,,,0,3,0,2,,,0,4,,,0,5,,,,,,,,,2,,1,,,,1,2,2,6,,2,,3,,,,3,,27.947494506836,-81.920402526855,-1,
R_1E1d4Wp1vPsU1s2,Default Response Set,Anonymous,,,108.88.60.89,0,2015-04-12 20:25:57,2015-04-12 20:27:48,1,1,freedom,people,good,smart,peaceful,,,,,,,,,,,,,,,,,,,,,,,,,,,,,,,1,,,,,,0,4,,,,,0,1,,,0,5,,,,,0,2,0,3,,,,,,,,,,,2,,1,,,,2,2,1,2,,5,,3,,,,3,,37.629302978516,-122.11630249023,-1,
R_1gHga7ihjvaz7Cj,Default Response Set,Anonymous,,,173.89.56.0,0,2015-04-12 20:19:29,2015-04-12 20:27:57,1,1,governing by the people,freedom from dictatorship,laws governed by people,governance by voting,freedom from tyranny,freedom of selection of law,right to vote in private,not be vilified for your vote,,,,,,,,,,,,,,1,,,,,,,,1,1,1,,,1,,,,,,,0,4,,,0,1,0,3,0,2,,,,,,,,,,,,,0,5,,,,,,,2,,1,,,,3,3,1,6,,5,,1,,2,,,Thanks.,42.951293945312,-87.943298339844,-1,
R_3FRRj9GSXBqAlDe,Default Response Set,Anonymous,,,73.187.131.179,0,2015-04-12 20:22:18,2015-04-12 20:28:21,1,1,USA,freedom,constitution,voting,government,founding fathers,balance of powers,,,,,,,,,,,,,,,1,,,,,,1,,,,,,,,,,0,4,,,,,,,0,3,0,2,0,1,,,0,5,,,,,,,,,,,,,,,,,2,,1,,,,3,2,2,6,,5,,1,,1,,,none,40.784896850586,-77.84700012207,-1,
R_1M0NwcTIwZysDDO,Default Response Set,Anonymous,,,184.96.153.153,0,2015-04-12 20:24:53,2015-04-12 20:28:22,1,1,FREEDOM,LIBERTY,HAVING YOUR VOICE HEARD,VOTING,FREE EXPRESSION,,,,,,,,,,,,,,,,,,,,,,,,,,,,,,,,1,,,,,,,,,0,5,0,1,0,2,,,,,0,3,,,0,4,,,,,,,,,,,2,,,,,1,2,3,2,6,,4,,3,,,,3,,39.739303588867,-104.85649871826,-1,
R_cCmwfnjZfxRIxYV,Default Response Set,Anonymous,,,66.81.29.3,0,2015-04-12 20:20:15,2015-04-12 20:28:25,1,1,democrats,republic,choosing,old,idealistic,confused,hope,change,freedom,voice,together,faded,power,progressiveness,new,,,,,,,1,,,,,,,,,,,,,,1,1,0,2,,,,,,,,,,,0,5,,,,,,,0,3,0,1,,,0,4,,,,,,,2,,,,1,,1,2,2,6,,3,,1,,1,,,Nice study!,37.678298950195,-120.95010375977,-1,
R_79Zzoph5R9dfBQN,Default Response Set,Anonymous,,,50.163.8.246,0,2015-04-12 20:10:57,2015-04-12 20:28:42,1,1,America,freedom,voting,opportunity,election,president,independence,rights,,,,,,,,,,,,,,1,,,,,,,,,,,1,,1,,1,,,,,,,,,0,5,,,,,0,4,0,3,0,1,,,0,2,,,,,,,,,,,2,,,,1,1,4,2,1,3,,5,,3,,,,2,,42.732406616211,-71.18620300293,-1,
R_2vjnBHwR71RpfBu,Default Response Set,Anonymous,,,54.201.25.160,0,2015-04-12 20:20:38,2015-04-12 20:28:53,1,1,people,"one man, one vote",majority,minority,mob,representation,franchise,,,,,,,,,,,,,,1,1,1,,,,,,,1,,1,,1,1,1,1,,,,,,,0,5,0,4,0,3,0,1,0,2,,,,,,,,,,,,,,,,,,,2,,,1,1,,5,4,1,6,,5,,3,,,,2,none,45.839904785156,-119.70059967041,-1,
R_2rw4AtNxYjcGbki,Default Response Set,Anonymous,,,104.235.20.38,0,2015-04-12 20:26:28,2015-04-12 20:29:46,1,1,opportunity,freedom,America,republicans and democrats,choices,,,,,,,,,,,,,,,,,,,,,,,,,,,,,,,,,,,,,,,,,0,5,0,4,,,,,,,0,2,,,0,3,,,,,,,0,1,,,2,,1,,,,2,2,2,6,,5,,1,,2,,,,41.717895507812,-85.966400146484,-1,
R_3L7r4SJBplNwYNY,Default Response Set,Anonymous,,,174.21.221.122,0,2015-04-12 20:16:51,2015-04-12 20:30:04,1,1,freedom,fair,balance,political,liberal,united states,choice,supreme court,president,american,free trade,good wages,transperency,legislature,bill of rights,freedom of speech,freedom of religion,right to bear arms,right to assembly,marte carte,1,1,1,1,1,1,1,1,1,1,1,1,1,1,1,,,,,,,,,,,,,,,,,,,,,,,,,,,,,,,,,0,1,0,2,2,,1,,,,2,4,2,6,,3,,3,,,,1,,47.551300048828,-122.37409973145,-1,
R_3hhTVJEqtGqmwFT,Default Response Set,Anonymous,,,74.62.185.1,0,2015-04-12 20:23:06,2015-04-12 20:30:10,1,1,freedom,fair,happy,government,equal,jury,constitution,declaration of independence,choices,,,,,,,,,,,,,,,,,,,,,,,,,,,,,,,0,5,,,,,,,,,,,0,3,0,1,0,4,,,0,2,,,,,,,,,,,2,,,,,1,3,4,2,6,,2,,2,,,1,,,34.157806396484,-116.27320098877,-1,
R_33kyHfjn35dkWZf,Default Response Set,Anonymous,,,75.112.225.65,0,2015-04-12 20:24:07,2015-04-12 20:31:16,1,1,Unfair,Unjust,Social concepts sicken me,Biased,Alienating instrumentalities,Continued social ladders,,,,,,,,,,,,,,,,,,1,,,,1,1,,1,,,,1,,,0,3,0,1,0,4,,,,,,,,,,,,,0,5,,,0,2,,,,,,,,,,,2,,1,,,,2,1,2,6,,1,,5,,,,3,,39.728393554688,-86.069000244141,-1,
R_2q40TvhbDC4QXJf,Default Response Set,Anonymous,,,173.192.176.158,0,2015-04-12 20:29:05,2015-04-12 20:33:07,1,1,fake,controlled opposition,guise of freedom,control structure,2 wolves and a sheep deciding what is for dinner,,,,,,,,,,,,,,,,,,,,,,,,,,,,,,,,,,,0,4,0,3,,,,,,,,,,,,,0,1,,,,,,,0,2,0,5,,,,,2,,1,,,,1,4,1,6,,4,,3,,,,3,no comments,47.606201171875,-122.33209991455,-1,
R_0OFbopuvpnI8Mdf,Default Response Set,Anonymous,,,71.120.120.32,0,2015-04-12 20:24:35,2015-04-12 20:33:15,1,1,government,history,America,United States,going to vote,politics,laws,human rights,civil liberties,free speech,equal rights,,,,,,,,,,,,,,,,,,,,,,,,,1,,,,,,,,,,0,5,,,0,4,,,,,0,2,0,3,0,1,,,,,,,,,,,2,,1,,,,1,2,2,6,,3,,1,,2,,,I enjoyed taking your survey and thinking about the questions asked. I hope that my answers are beneficial to your research. I tried my best to answer them! Thank you for the chance to participate.,40.603500366211,-76.218902587891,-1,
R_2SdfcDt3MDvxtsA,Default Response Set,Anonymous,,,66.244.109.200,0,2015-04-12 20:28:14,2015-04-12 20:33:35,1,1,government,fairness,team work,decision making,workers,meetings,,,,,,,,,,,,,,,,,,,,,,,,,,,,,,,1,,,,,0,5,,,0,2,,,0,1,,,,,,,0,4,0,3,,,,,,,,,,,2,,1,,,,2,4,2,6,,3,,1,,1,,,,39.078994750977,-86.617500305176,-1,
R_3LYIDuqJbRrehAc,Default Response Set,Anonymous,,,71.169.146.80,0,2015-04-12 20:30:33,2015-04-12 20:33:44,1,1,Republic,Freedom,50/50,voices,election,,,,,,,,,,,,,,,,,,,,,,,,,,,,,,,1,,,,,,,,,,,,,,,,0,4,0,2,0,3,,,0,5,,,0,1,,,,,,,2,,1,,,,2,2,2,6,,5,,3,,,,1,,44.179306030273,-72.473098754883,-1,
R_2qDkntSoGyVwfPv,Default Response Set,Anonymous,,,73.25.161.239,0,2015-04-12 20:22:44,2015-04-12 20:34:21,1,1,Voice of the people,Fair,Government,Choice,Constitution,,,,,,,,,,,,,,,,,,,,,,,,,,,,,,,,1,,,,,,,,,,,,,0,4,0,2,0,1,0,5,,,,,,,0,3,,,,,,,2,,,,1,,3,2,1,6,,5,,2,,,1,,,45.550796508789,-122.73770141602,-1,
R_2CNV1Kw7ihg3re5,Default Response Set,Anonymous,,,24.161.113.222,0,2015-04-12 20:27:51,2015-04-12 20:35:36,1,1,election,vote,freedom,power to the people,checks and balances,president,political parties,America,debate,campaign,democrats and republicans,liberals and conservatives,Congress,,,,,,,,,1,,,,,,,,,,,,,,1,1,,,,,,,,,0,4,,,0,3,,,0,5,0,1,,,,,,,0,2,,,,,,,2,,1,,,,1,2,1,6,,4,,3,,,,1,,41.807098388672,-74.73210144043,-1,
R_3M6z6C0jkAnPRN3,Default Response Set,Anonymous,,,173.217.107.69,0,2015-04-12 20:19:12,2015-04-12 20:36:21,1,1,freedom,order,people choose,america,modern,,,,,,,,,,,,,,,,,,,,,,,,,,1,,,,,,1,0,2,,,0,4,,,,,,,,,,,0,3,0,5,,,0,1,,,,,,,,,,,2,,1,,,,1,2,1,1,,5,,3,,,,1,,32.708099365234,-93.277900695801,-1,
R_3QMHUGPkXC27cH3,Default Response Set,Anonymous,,,129.161.212.4,0,2015-04-12 20:32:30,2015-04-12 20:36:28,1,1,people-ruled,versatile,patriotic,righteous,involved,for the people,by the people,unrestricted,fair,impartial,elections,protection of human rights,freedom of speech,,,,,,,,,,1,,,,,,,,,,1,,,,1,,,,,,,,,,,0,1,,,0,2,0,5,,,0,4,0,3,,,,,,,,,,,2,,,,1,1,4,1,1,1,,3,,2,,,2,,,40.71110534668,-73.946899414062,-1,
R_vJlGHY7gy9eND7X,Default Response Set,Anonymous,,,98.247.235.255,0,2015-04-12 20:34:19,2015-04-12 20:38:19,1,1,America,voting,representation,populace decides,free market,party system,capitalism,,,,,,,,,,,,,,,,1,1,,,,,,,,,,1,,1,1,0,5,,,,,,,0,3,0,2,0,1,,,,,0,4,,,,,,,,,,,,,,,2,,,,1,,2,2,2,6,,5,,2,,,1,,,46.977798461914,-122.87159729004,-1,
R_V2aW2bdLeUYP6cp,Default Response Set,Anonymous,,,173.26.81.35,0,2015-04-12 20:36:07,2015-04-12 20:39:02,1,1,United States,freedom,forefathers,Democrat,checks and balances,voting,,,,,,,,,,,,,,,,,,,,,,,,,,,,,,1,,,,,,,,,,0,2,,,0,1,,,0,4,0,3,,,0,5,,,,,,,,,,,2,,1,,,,1,2,2,6,,3,,2,,,1,,,43.074600219727,-92.66259765625,-1,
R_2af4Ypmnii8dKWH,Default Response Set,Anonymous,,,54.174.77.195,0,2015-04-12 20:10:26,2015-04-12 20:40:38,1,1,america,japan,equality,freedom,election,popular vote,,,,,,,,,,,,,,,,,,,,,,,,,,,,,,,1,0,4,,,,,,,0,3,0,5,,,0,2,,,,,,,0,1,,,,,,,,,,,2,,1,,,,2,1,2,9,,3,,2,,,2,,,39.043701171875,-77.487503051758,-1,
R_4ZAyNkljXZBtaBL,Default Response Set,Anonymous,,,72.182.61.248,0,2015-04-12 20:16:02,2015-04-12 20:40:41,1,1,freedom,speech,free market,voting,equal say,for the people,,,,,,,,,,,,,,,,,,,,,1,,,,1,,,,1,,,0,3,,,,,0,2,0,1,,,,,,,,,,,,,,,,,,,,,0,5,0,4,2,,1,,,,1,1,1,3,,3,,3,,,,1,Thanks,30.338897705078,-97.770698547363,-1,
R_1I5x6WJmO7A8EZA,Default Response Set,Anonymous,,,32.213.239.245,0,2015-04-12 20:37:46,2015-04-12 20:40:47,1,1,voting,people have a say,no dictator,no king or queen,government is more fair,people have rights,everyone is equal,,,,,,,,,,,,,,,,,,,,,,,,,,1,,,1,1,,,,,,,,,0,1,0,2,0,4,,,,,,,0,3,0,5,,,,,,,,,,,2,,,,,1,4,2,2,6,,6,,2,,,1,,,41.76350402832,-72.726600646973,-1,
R_pgDSlZBTDDl9SBb,Default Response Set,Anonymous,,,50.140.221.78,0,2015-04-12 20:43:07,2015-04-12 20:46:18,1,1,United States,The people,The Bill of Rights,The Constitution ,Freedom,Voting,Elections,,,,,,,,,,,,,,,,,,,,,,,,,,,,,1,,,,,,,,,,,,0,4,,,0,2,,,0,3,,,0,1,,,0,5,,,,,,,2,,1,,,,2,4,2,6,,3,,1,,2,,,None thanks!,26.058395385742,-80.325202941895,-1,
R_22s7hnu2w2l42vz,Default Response Set,Anonymous,,,73.23.153.157,0,2015-04-12 20:43:48,2015-04-12 20:46:19,1,1,fair,unite,freedom,country,left ,,,,,,,,,,,,,,,,,,,,,,1,,,,,,1,,,,1,0,5,0,3,,,,,,,0,2,,,,,0,4,0,1,,,,,,,,,,,,,,,2,,1,,,,3,4,2,6,,5,,2,,,2,,,26.621704101562,-81.840599060059,-1,
R_2EEHVbjKkekebba,Default Response Set,Anonymous,,,50.147.210.212,0,2015-04-12 20:40:21,2015-04-12 20:46:56,1,1,liberty,freedom,hope,chances,opportunity,fairness,chance for equality,no oppression,marching for justice,voicing my opinion,right from wrong,,,,,,,,,,,,,,,,,,,,,,,,,,,,,,,,,,,0,3,,,,,0,1,0,2,0,4,,,0,5,,,,,,,,,,,2,,1,,,,1,4,2,1,,3,,2,,,1,,Insightful questions.,33.736297607422,-83.991996765137,-1,
R_5dsGfTdKQ2JfNad,Default Response Set,Anonymous,,,174.149.7.230,0,2015-04-12 20:47:13,2015-04-12 20:51:44,1,1,together,people,vote,equal,power,al gore,love,united,strong,,,,,,,,,,,,,,,,,,,,,,,,,,,,,,,,,,,0,4,,,0,5,,,0,2,,,,,,,0,1,,,,,0,3,,,,,2,,1,,,,1,1,1,6,,2,,3,,,,3,THANK YOU :),39.761993408203,-104.91320037842,-1,
R_RUkss79jCjX1gA1,Default Response Set,Anonymous,,,142.197.218.152,0,2015-04-12 20:46:42,2015-04-12 20:51:48,1,1,United States,elections,voting,everyone has a say,fair,open market,,,,,,,,,,,,,,,,1,,,,,,,,,,,,,1,,1,,,,,,,,,0,5,0,3,,,0,1,0,4,,,,,,,,,0,2,,,,,,,2,,1,,,,3,2,1,6,,5,,5,,,,3,none,29.056304931641,-82.025703430176,-1,
R_rchzITZ94HkMv3H,Default Response Set,Anonymous,,,64.134.144.7,0,2015-04-12 20:50:55,2015-04-12 20:54:20,1,1,freedom,voting,declaration of independence,America,India,politics,choice,illusion of choice,two party system,majority rules,,,,,,,,,,,1,,1,1,1,1,1,1,1,1,,1,1,1,1,1,,,,0,2,,,,,,,,,,,,,,,,,0,1,,,,,,,,,,,0,3,2,,1,,,,2,3,1,6,,3,,3,,,,1,,38,-97,-1,
R_0PPlQqydQq4x7nL,Default Response Set,Anonymous,,,76.23.190.97,0,2015-04-12 20:35:40,2015-04-12 20:58:34,1,1,power,freedom,control,equality,unity,peace,togetherness,community,just,good,righteous,justice,supremacy,citizenship,,,,,,,1,,1,,1,,1,,,,,,,1,1,1,1,,,,,,,,,,,,,,,0,2,0,3,0,5,0,4,0,1,,,,,,,,,,,2,,1,,,,1,1,2,1,,3,,3,,,,1,,41.582901000977,-73.033897399902,-1,
R_3kHRrqFY0XcHwzU,Default Response Set,Anonymous,,,69.228.81.32,0,2015-04-12 20:56:49,2015-04-12 20:59:35,1,1,freedom,America,freedom of speech,for the people by the people,vote,self-governed,,,,,,,,,,,,,,,,1,,1,,,,,,,,,,,1,,1,,,,,,,,,,,0,4,0,5,0,2,0,3,,,,,0,1,,,,,,,,,,,1,Chinese,,,1,1,2,1,1,3,,5,,2,,,1,,,37.785797119141,-122.12319946289,-1,
R_2Xmp32Z2EFSegcx,Default Response Set,Anonymous,,,96.245.28.13,0,2015-04-12 20:58:09,2015-04-12 21:01:02,1,1,I think of the founding fathers of this country,free public voting,decisions made by the people,democrat party,free way of making decisions with no restrictions,,,,,,,,,,,,,,,,,,,,,,1,,,,,,,,,1,1,0,5,,,,,,,,,,,,,0,4,,,0,3,,,0,1,,,0,2,,,,,,,2,,1,,,,1,2,1,6,,5,,1,,2,,,,40.590194702148,-75.354698181152,-1,
R_1GVpLZqrYGpqi8Q,Default Response Set,Anonymous,,,24.151.154.198,0,2015-04-12 20:59:43,2015-04-12 21:02:08,1,1,Elections,Accountability,Transparency,Progress,Laws,Due Process,Voting,,,,,,,,,,,,,,1,,,,,,,,,,,,,,,1,1,,,,,,,0,3,0,4,0,2,,,,,0,5,,,,,0,1,,,,,,,,,,,2,,1,,,,1,2,1,6,,6,,2,,,1,,,35.750198364258,-83.629600524902,-1,
R_12i4YnyE1YrGUS5,Default Response Set,Anonymous,,,24.143.103.186,0,2015-04-12 21:01:02,2015-04-12 21:08:33,1,1,people,representation,one man one vote,opinions,majority rules,freedom,tyranny of the majority,representative government,voting,voice of the people,,,,,,,,,,,,,,,,,,,,,,,,,,1,1,,,0,5,,,,,0,1,0,2,,,,,0,3,0,4,,,,,,,,,,,,,,,2,,1,,,,1,4,2,6,,6,,2,,,1,,,47.583892822266,-122.29949951172,-1,
R_1GKpuoy5BH8x8g8,Default Response Set,Anonymous,,,73.25.123.194,0,2015-04-12 20:19:31,2015-04-12 21:12:20,1,1,freedom,opportunity,justice,voting,rights,,,,,,,,,,,,,,,,,1,,,,,,,,,,,,,1,1,,0,5,,,0,2,,,,,,,,,,,0,3,0,4,,,,,,,0,1,,,,,,,2,,1,,,,5,2,1,6,,5,,2,,,1,,,44.048599243164,-123.21969604492,-1,
R_3R2ih2y0uyFBtb9,Default Response Set,Anonymous,,,45.37.199.251,0,2015-04-12 21:11:19,2015-04-12 21:15:44,1,1,Voting,Elections,Voters,Polls,Freedom,Choice,Candidates,Government,Constitution,,,,,,,,,,,,,1,,,,,,,,,,,,,,1,,0,4,,,,,,,,,0,1,,,,,0,3,,,,,0,2,0,5,,,,,,,,,2,,1,,,,2,2,2,6,,5,,3,,,,3,,35.947296142578,-78.562599182129,-1,
R_2XaOmgVX5juGUSB,Default Response Set,Anonymous,,,67.215.234.66,0,2015-04-12 21:17:23,2015-04-12 21:23:38,1,1,choice,variety,power of the people,voting,progress,numbers,campaigning,disagreement,,,,,,,,,,,,,1,1,1,,,,,,,1,1,1,1,1,1,1,1,,,,,,,0,3,0,1,0,2,,,0,5,0,4,,,,,,,,,,,,,,,,,2,,,,,1,2,1,2,4,,3,,2,,,1,,,33.763305664062,-117.79420471191,-1,
R_1dahOvF8EsVr4FS,Default Response Set,Anonymous,,,73.213.3.25,0,2015-04-12 21:25:32,2015-04-12 21:27:22,1,1,President,equality,Obama,Democrat,House ,Senate,,,,,,,,,,,,,,,,,,,,,,,,,,,,,,,,,,,,,,,,,,0,3,,,0,1,,,0,4,,,0,5,,,0,2,,,,,,,2,,1,,,,3,2,2,1,,6,,2,,,1,,,39.050994873047,-76.728500366211,-1,
R_2wBUmHX4g2CLHan,Default Response Set,Anonymous,,,173.187.82.252,0,2015-04-12 21:25:56,2015-04-12 21:28:30,1,1,fair,people,honest,integrity,good,,,,,,,,,,,,,,,,,1,,,,,,,,,,,1,,,,,,,,,0,3,0,4,,,0,2,,,0,5,,,,,,,,,,,0,1,,,,,,,2,,1,,,,3,4,2,6,,2,,1,,2,,,none,36.659103393555,-91.00659942627,-1,
R_1LqEDWOmGj85MQw,Default Response Set,Anonymous,,,69.243.64.59,0,2015-04-12 21:54:32,2015-04-12 22:08:01,1,1,vote,representation,fairness,elections,majority,republic,democratic,justice,nation,independence,,,,,,,,,,,,,,,,,,,,,,,,,,,,,,,,,,,,,,0,2,,,,,0,5,0,4,0,3,0,1,,,,,,,,,,,2,,1,,,,4,4,1,6,,5,,2,,,2,,,39.355499267578,-77.477500915527,-1,
R_6s3tJs3VUNECe1r,Default Response Set,Anonymous,,,75.118.86.166,0,2015-04-12 20:09:51,2015-04-12 20:09:53,0,1,,,,,,,,,,,,,,,,,,,,,,,,,,,,,,,,,,,,,,,,,,,,,,,,,,,,,,,,,,,,,,,,,,,,,,,,,,,,,,,,,,,,,,,,,,,,,-1,
R_2f7nBIP5yVWpNfJ,Default Response Set,Anonymous,,,104.240.22.157,0,2015-04-12 20:10:01,2015-04-12 20:11:25,0,1,,,,,,,,,,,,,,,,,,,,,,,,,,,,,,,,,,,,,,,,,,,,,,,,,,,,,,,,,,,,,,,,,,,,,,,,,,,,,,,,,,,,,,,,,,,,,-1,
R_ptRMrYQX1iM7CCJ,Default Response Set,Anonymous,,,73.18.24.206,0,2015-04-12 20:10:53,2015-04-12 20:10:57,0,1,,,,,,,,,,,,,,,,,,,,,,,,,,,,,,,,,,,,,,,,,,,,,,,,,,,,,,,,,,,,,,,,,,,,,,,,,,,,,,,,,,,,,,,,,,,,,-1,
R_1gU7RD9iQMTtabi,Default Response Set,Anonymous,,,66.189.212.226,0,2015-04-12 20:11:05,2015-04-12 20:11:36,0,1,,,,,,,,,,,,,,,,,,,,,,,,,,,,,,,,,,,,,,,,,,,,,,,,,,,,,,,,,,,,,,,,,,,,,,,,,,,,,,,,,,,,,,,,,,,,,-1,
R_2rOxnzhKdEWnzlK,Default Response Set,Anonymous,,,96.251.123.74,0,2015-04-12 20:10:20,2015-04-12 20:11:13,0,1,,,,,,,,,,,,,,,,,,,,,,,,,,,,,,,,,,,,,,,,,,,,,,,,,,,,,,,,,,,,,,,,,,,,,,,,,,,,,,,,,,,,,,,,,,,,,-1,
R_3Rt6ACeZSeUUkw9,Default Response Set,Anonymous,,,98.95.17.50,0,2015-04-12 20:11:48,2015-04-12 20:12:16,0,1,,,,,,,,,,,,,,,,,,,,,,,,,,,,,,,,,,,,,,,,,,,,,,,,,,,,,,,,,,,,,,,,,,,,,,,,,,,,,,,,,,,,,,,,,,,,,-1,
R_2RWEkAKcpUJqB7f,Default Response Set,Anonymous,,,70.189.179.160,0,2015-04-12 20:14:37,2015-04-12 20:14:41,0,1,,,,,,,,,,,,,,,,,,,,,,,,,,,,,,,,,,,,,,,,,,,,,,,,,,,,,,,,,,,,,,,,,,,,,,,,,,,,,,,,,,,,,,,,,,,,,-1,
R_2QGuVZsZuady1Af,Default Response Set,Anonymous,,,174.60.11.100,0,2015-04-12 20:13:10,2015-04-12 20:14:50,0,1,working class,liberal,scandelous,left,unethical,,,,,,,,,,,,,,,,1,1,1,1,1,1,1,1,1,1,1,1,1,1,1,1,1,,,,,,,,,,,,,,,,,,,,,,,,,,,,,,,,,,,,,,,,,,,,,,,,,,,,,,,,-1,
R_vZ9aGsFzcaurtmN,Default Response Set,Anonymous,,,24.216.108.226,0,2015-04-12 20:14:40,2015-04-12 20:14:56,0,1,,,,,,,,,,,,,,,,,,,,,,,,,,,,,,,,,,,,,,,,,,,,,,,,,,,,,,,,,,,,,,,,,,,,,,,,,,,,,,,,,,,,,,,,,,,,,-1,
R_3gXiH3P309BNxl5,Default Response Set,Anonymous,,,173.217.107.69,0,2015-04-12 20:15:03,2015-04-12 20:15:08,0,1,,,,,,,,,,,,,,,,,,,,,,,,,,,,,,,,,,,,,,,,,,,,,,,,,,,,,,,,,,,,,,,,,,,,,,,,,,,,,,,,,,,,,,,,,,,,,-1,
R_2R8QsDcUawhnWOs,Default Response Set,Anonymous,,,72.77.38.45,0,2015-04-12 20:16:49,2015-04-12 20:16:54,0,1,,,,,,,,,,,,,,,,,,,,,,,,,,,,,,,,,,,,,,,,,,,,,,,,,,,,,,,,,,,,,,,,,,,,,,,,,,,,,,,,,,,,,,,,,,,,,-1,
R_Pv6bAGmxnFrSK5P,Default Response Set,Anonymous,,,54.201.25.160,0,2015-04-12 20:15:51,2015-04-12 20:17:00,0,1,equality,voice,people ,freedom,justice,voting,,,,,,,,,,,,,,,1,,1,1,1,1,1,1,1,1,1,1,1,1,,,,,,,,,,,,,,,,,,,,,,,,,,,,,,,,,,,,,,,,,,,,,,,,,,,,,,,,,,,-1,
R_31BozioOUILzOeh,Default Response Set,Anonymous,,,69.23.141.8,0,2015-04-12 20:17:31,2015-04-12 20:17:47,0,1,,,,,,,,,,,,,,,,,,,,,,,,,,,,,,,,,,,,,,,,,,,,,,,,,,,,,,,,,,,,,,,,,,,,,,,,,,,,,,,,,,,,,,,,,,,,,-1,
R_dm3y8X0Rs0F411f,Default Response Set,Anonymous,,,206.255.3.62,0,2015-04-12 20:18:12,2015-04-12 20:18:16,0,1,,,,,,,,,,,,,,,,,,,,,,,,,,,,,,,,,,,,,,,,,,,,,,,,,,,,,,,,,,,,,,,,,,,,,,,,,,,,,,,,,,,,,,,,,,,,,-1,
R_1QgzpYs9TMzVyOM,Default Response Set,Anonymous,,,107.10.210.189,0,2015-04-12 20:18:32,2015-04-12 20:18:35,0,1,,,,,,,,,,,,,,,,,,,,,,,,,,,,,,,,,,,,,,,,,,,,,,,,,,,,,,,,,,,,,,,,,,,,,,,,,,,,,,,,,,,,,,,,,,,,,-1,
R_3rMNcQnXkWC4JM3,Default Response Set,Anonymous,,,68.226.145.107,0,2015-04-12 20:18:27,2015-04-12 20:18:36,0,1,,,,,,,,,,,,,,,,,,,,,,,,,,,,,,,,,,,,,,,,,,,,,,,,,,,,,,,,,,,,,,,,,,,,,,,,,,,,,,,,,,,,,,,,,,,,,-1,
R_3R26Jxx8pZH1GJy,Default Response Set,Anonymous,,,71.58.71.71,0,2015-04-12 20:19:07,2015-04-12 20:19:18,0,1,,,,,,,,,,,,,,,,,,,,,,,,,,,,,,,,,,,,,,,,,,,,,,,,,,,,,,,,,,,,,,,,,,,,,,,,,,,,,,,,,,,,,,,,,,,,,-1,
R_W8RgDgQrbFo0a1X,Default Response Set,Anonymous,,,68.46.104.196,0,2015-04-12 20:19:33,2015-04-12 20:19:39,0,1,,,,,,,,,,,,,,,,,,,,,,,,,,,,,,,,,,,,,,,,,,,,,,,,,,,,,,,,,,,,,,,,,,,,,,,,,,,,,,,,,,,,,,,,,,,,,-1,
R_78JSKOEfTdtjNnj,Default Response Set,Anonymous,,,107.210.80.173,0,2015-04-12 20:19:27,2015-04-12 20:20:03,0,1,,,,,,,,,,,,,,,,,,,,,,,,,,,,,,,,,,,,,,,,,,,,,,,,,,,,,,,,,,,,,,,,,,,,,,,,,,,,,,,,,,,,,,,,,,,,,-1,
R_1r7V2C6gPzhr7rK,Default Response Set,Anonymous,,,75.138.122.17,0,2015-04-12 20:20:21,2015-04-12 20:20:28,0,1,,,,,,,,,,,,,,,,,,,,,,,,,,,,,,,,,,,,,,,,,,,,,,,,,,,,,,,,,,,,,,,,,,,,,,,,,,,,,,,,,,,,,,,,,,,,,-1,
R_8GtpvT1codldkQB,Default Response Set,Anonymous,,,73.206.86.66,0,2015-04-12 20:15:27,2015-04-12 20:21:10,0,1,rights,government,voting,of the people,constitution,union,elections,,,,,,,,,,,,,,,1,,,,,,,,,,,,,,1,,,,,,,,,,0,1,0,3,0,2,0,5,0,4,,,,,,,,,,,,,,,,,1,Spanish,,,1,,1,3,2,7,,5,,3,,,,2,,,,-1,
R_3PzrLD4ImIXki1E,Default Response Set,Anonymous,,,162.194.105.170,0,2015-04-12 20:18:35,2015-04-12 20:21:01,0,1,LIBERTY,EQUALITY,MAJORITY,FREEDOM,REPUBLIC,VOTE,ELECTION,,,,,,,,,,,,,,,1,,,,,,,,,,,,,,1,,,,,,,,,,0,1,0,3,0,5,0,4,0,2,,,,,,,,,,,,,,,,,,,,,,,,,,,,,,,,,,,,,,-1,
R_1fZXpbu69LXtEg6,Default Response Set,Anonymous,,,67.11.196.138,0,2015-04-12 20:21:04,2015-04-12 20:22:04,0,1,,,,,,,,,,,,,,,,,,,,,,,,,,,,,,,,,,,,,,,,,,,,,,,,,,,,,,,,,,,,,,,,,,,,,,,,,,,,,,,,,,,,,,,,,,,,,-1,
R_W6eTbRuemOy0f2F,Default Response Set,Anonymous,,,97.85.12.92,0,2015-04-12 20:19:47,2015-04-12 20:23:17,0,1,elections,bi partisan,electoral college,term limits,republican,democrat,independent,,,,,,,,,,,,,,,,,,,,,1,,,,,,,,,1,,,,,,,,,,,,,,,,,,,,,,,,,,,,,,,,,,,,,,,,,,,,,,,,,,,,,,,,-1,
R_9Yy8vnxeK3yyqnH,Default Response Set,Anonymous,,,173.78.95.147,0,2015-04-12 20:23:56,2015-04-12 20:25:00,0,1,,,,,,,,,,,,,,,,,,,,,,,,,,,,,,,,,,,,,,,,,,,,,,,,,,,,,,,,,,,,,,,,,,,,,,,,,,,,,,,,,,,,,,,,,,,,,-1,
R_ZCeLmrJ8jkABvmp,Default Response Set,Anonymous,,,75.97.200.253,0,2015-04-12 20:18:43,2015-04-12 20:26:07,0,1,congrss,constitution,voting,elections,people ruling,government,fairness,,,,,,,,,,,,,,,,,,1,1,1,1,1,1,,1,,1,,,,0,5,0,3,0,1,0,4,,,,,,,,,,,,,0,2,,,,,,,,,,,,,,,,,,,,,,,,,,,,,,,,,,-1,
R_216xGyY20OwTuVm,Default Response Set,Anonymous,,,69.133.117.63,0,2015-04-12 20:28:11,2015-04-12 20:30:58,0,1,of the people,by the people,for the people,equality,freedom,voting rights,free speech,free enterprise,religious freedom,,,,,,,,,,,,,,,,,,,,,,,,,,,,,,,,,,,,,,,,,,,,,,,,,,,,,,,,,,,,,,,,,,,,,,,,,,,,,,,,,,,,-1,
R_diGVrnsPwNGJn9P,Default Response Set,Anonymous,,,108.185.80.112,0,2015-04-12 21:21:19,2015-04-12 21:23:09,0,1,,,,,,,,,,,,,,,,,,,,,,,,,,,,,,,,,,,,,,,,,,,,,,,,,,,,,,,,,,,,,,,,,,,,,,,,,,,,,,,,,,,,,,,,,,,,,-1,
