V1,V2,V3,V4,V5,V6,V7,V8,V9,V10,Q1,Q32_1_TEXT,Q32_2_TEXT,Q32_3_TEXT,Q32_4_TEXT,Q32_5_TEXT,Q32_6_TEXT,Q32_7_TEXT,Q32_8_TEXT,Q32_9_TEXT,Q32_10_TEXT,Q32_11_TEXT,Q32_12_TEXT,Q32_13_TEXT,Q32_14_TEXT,Q32_15_TEXT,Q32_16_TEXT,Q32_17_TEXT,Q32_18_TEXT,Q32_19_TEXT,Q32_20_TEXT,Q28_3,Q28_6,Q28_9,Q28_10,Q28_11,Q28_12,Q28_14,Q28_15,Q28_16,Q28_17,Q28_21,Q28_22,Q28_26,Q28_36,Q28_37,Q28_38,Q28_39,Q31_x3_Group,Q31_x3_Rank,Q31_x6_Group,Q31_x6_Rank,Q31_x9_Group,Q31_x9_Rank,Q31_x10_Group,Q31_x10_Rank,Q31_x11_Group,Q31_x11_Rank,Q31_x12_Group,Q31_x12_Rank,Q31_x14_Group,Q31_x14_Rank,Q31_x15_Group,Q31_x15_Rank,Q31_x16_Group,Q31_x16_Rank,Q31_x17_Group,Q31_x17_Rank,Q31_x21_Group,Q31_x21_Rank,Q31_x22_Group,Q31_x22_Rank,Q31_x26_Group,Q31_x26_Rank,Q31_x36_Group,Q31_x36_Rank,Q31_x37_Group,Q31_x37_Rank,Q31_x38_Group,Q31_x38_Rank,Q31_x39_Group,Q31_x39_Rank,Q20,Q20_TEXT,Q22_1,Q22_2,Q22_3,Q22_4,Q21,Q18,Q33,Q17,Q17_TEXT,Q29,Q29_TEXT,Q15,LocationLatitude,LocationLongitude,LocationAccuracy,
ResponseID,ResponseSet,Name,ExternalDataReference,EmailAddress,IPAddress,Status,StartDate,EndDate,Finished,"Welcome to a survey about different views of democracy. In this / survey, you will be asked to resp...","We are interested in what you think of when you hear or read the / word ""democracy."" Please write d...-1","We are interested in what you think of when you hear or read the / word ""democracy."" Please write d...-2 ","We are interested in what you think of when you hear or read the / word ""democracy."" Please write d...-3 ","We are interested in what you think of when you hear or read the / word ""democracy."" Please write d...-4 ","We are interested in what you think of when you hear or read the / word ""democracy."" Please write d...-5 ","We are interested in what you think of when you hear or read the / word ""democracy."" Please write d...-6 ","We are interested in what you think of when you hear or read the / word ""democracy."" Please write d...-7 ","We are interested in what you think of when you hear or read the / word ""democracy."" Please write d...-8 ","We are interested in what you think of when you hear or read the / word ""democracy."" Please write d...-9 ","We are interested in what you think of when you hear or read the / word ""democracy."" Please write d...-10 ","We are interested in what you think of when you hear or read the / word ""democracy."" Please write d...-11 ","We are interested in what you think of when you hear or read the / word ""democracy."" Please write d...-12 ","We are interested in what you think of when you hear or read the / word ""democracy."" Please write d...-13 ","We are interested in what you think of when you hear or read the / word ""democracy."" Please write d...-14 ","We are interested in what you think of when you hear or read the / word ""democracy."" Please write d...-15 ","We are interested in what you think of when you hear or read the / word ""democracy."" Please write d...-16 ","We are interested in what you think of when you hear or read the / word ""democracy."" Please write d...-17 ","We are interested in what you think of when you hear or read the / word ""democracy."" Please write d...-18 ","We are interested in what you think of when you hear or read the / word ""democracy."" Please write d...-19 ","We are interested in what you think of when you hear or read the / word ""democracy."" Please write d...-20",Which of the items below are NOT part of your personal definition of democracy?  Select ONLY thos...-Free market economy,Which of the items below are NOT part of your personal definition of democracy?  Select ONLY thos...-Universal healthcare,Which of the items below are NOT part of your personal definition of democracy?  Select ONLY thos...-Laws protecting private property,Which of the items below are NOT part of your personal definition of democracy?  Select ONLY thos...-Peaceful transfers of power,Which of the items below are NOT part of your personal definition of democracy?  Select ONLY thos...-Free and open elections,Which of the items below are NOT part of your personal definition of democracy?  Select ONLY thos...-Right to Vote/Universal adult suffrage,Which of the items below are NOT part of your personal definition of democracy?  Select ONLY thos...-Representative government,Which of the items below are NOT part of your personal definition of democracy?  Select ONLY thos...-Equality,Which of the items below are NOT part of your personal definition of democracy?  Select ONLY thos...-Civil rights (equal treatment of all citizens under law),"Which of the items below are NOT part of your personal definition of democracy?  Select ONLY thos...-Bill of Rights (Freedom of Press, Freedom of Religion, Freedom of Speech)","Which of the items below are NOT part of your personal definition of democracy?  Select ONLY thos...-Civil society (thriving society of voluntary non-governmental, non-commercial organizations","Which of the items below are NOT part of your personal definition of democracy?  Select ONLY thos...-Basic human rights (access to clean water, no child labor, no genocide)",Which of the items below are NOT part of your personal definition of democracy?  Select ONLY thos...-Protest,Which of the items below are NOT part of your personal definition of democracy?  Select ONLY thos...-Constitution,Which of the items below are NOT part of your personal definition of democracy?  Select ONLY thos...-Educated population,Which of the items below are NOT part of your personal definition of democracy?  Select ONLY thos...-Westernization (adoption of Western values),Which of the items below are NOT part of your personal definition of democracy?  Select ONLY thos...-Strong national defense,"Of the items above, which 5 are the most fundamental to the meaning / of democracy in your opinion?...-Free market economy-Group","Of the items above, which 5 are the most fundamental to the meaning / of democracy in your opinion?...-Free market economy-Rank","Of the items above, which 5 are the most fundamental to the meaning / of democracy in your opinion?...-Universal healthcare-Group","Of the items above, which 5 are the most fundamental to the meaning / of democracy in your opinion?...-Universal healthcare-Rank","Of the items above, which 5 are the most fundamental to the meaning / of democracy in your opinion?...-Laws protecting private property-Group","Of the items above, which 5 are the most fundamental to the meaning / of democracy in your opinion?...-Laws protecting private property-Rank","Of the items above, which 5 are the most fundamental to the meaning / of democracy in your opinion?...-Peaceful transfers of power-Group","Of the items above, which 5 are the most fundamental to the meaning / of democracy in your opinion?...-Peaceful transfers of power-Rank","Of the items above, which 5 are the most fundamental to the meaning / of democracy in your opinion?...-Free and open elections-Group","Of the items above, which 5 are the most fundamental to the meaning / of democracy in your opinion?...-Free and open elections-Rank","Of the items above, which 5 are the most fundamental to the meaning / of democracy in your opinion?...-Right to Vote/Universal adult suffrage-Group","Of the items above, which 5 are the most fundamental to the meaning / of democracy in your opinion?...-Right to Vote/Universal adult suffrage-Rank","Of the items above, which 5 are the most fundamental to the meaning / of democracy in your opinion?...-Representative government-Group","Of the items above, which 5 are the most fundamental to the meaning / of democracy in your opinion?...-Representative government-Rank","Of the items above, which 5 are the most fundamental to the meaning / of democracy in your opinion?...-Equality-Group","Of the items above, which 5 are the most fundamental to the meaning / of democracy in your opinion?...-Equality-Rank","Of the items above, which 5 are the most fundamental to the meaning / of democracy in your opinion?...-Civil rights (equal treatment of all citizens under law)-Group","Of the items above, which 5 are the most fundamental to the meaning / of democracy in your opinion?...-Civil rights (equal treatment of all citizens under law)-Rank","Of the items above, which 5 are the most fundamental to the meaning / of democracy in your opinion?...-Bill of Rights (Freedom of Press, Freedom of Religion, Freedom of Speech)-Group","Of the items above, which 5 are the most fundamental to the meaning / of democracy in your opinion?...-Bill of Rights (Freedom of Press, Freedom of Religion, Freedom of Speech)-Rank","Of the items above, which 5 are the most fundamental to the meaning / of democracy in your opinion?...-Civil society (thriving society of voluntary non-governmental, non-commercial organizations-Group","Of the items above, which 5 are the most fundamental to the meaning / of democracy in your opinion?...-Civil society (thriving society of voluntary non-governmental, non-commercial organizations-Rank","Of the items above, which 5 are the most fundamental to the meaning / of democracy in your opinion?...-Basic human rights (access to clean water, no child labor, no genocide)-Group","Of the items above, which 5 are the most fundamental to the meaning / of democracy in your opinion?...-Basic human rights (access to clean water, no child labor, no genocide)-Rank","Of the items above, which 5 are the most fundamental to the meaning / of democracy in your opinion?...-Protest-Group","Of the items above, which 5 are the most fundamental to the meaning / of democracy in your opinion?...-Protest-Rank","Of the items above, which 5 are the most fundamental to the meaning / of democracy in your opinion?...-Constitution-Group","Of the items above, which 5 are the most fundamental to the meaning / of democracy in your opinion?...-Constitution-Rank","Of the items above, which 5 are the most fundamental to the meaning / of democracy in your opinion?...-Educated population-Group","Of the items above, which 5 are the most fundamental to the meaning / of democracy in your opinion?...-Educated population-Rank","Of the items above, which 5 are the most fundamental to the meaning / of democracy in your opinion?...-Westernization (adoption of Western values)-Group","Of the items above, which 5 are the most fundamental to the meaning / of democracy in your opinion?...-Westernization (adoption of Western values)-Rank","Of the items above, which 5 are the most fundamental to the meaning / of democracy in your opinion?...-Strong national defense-Group","Of the items above, which 5 are the most fundamental to the meaning / of democracy in your opinion?...-Strong national defense-Rank","Do you now or did you ever speak a language other than English at / home? (If yes, please specify w...","Do you now or did you ever speak a language other than English at / home? (If yes, please specify w...-TEXT",Are you or your parents or grandparents born in another country? / (select all that apply)-No,Are you or your parents or grandparents born in another country? / (select all that apply)-I was born in another country.,Are you or your parents or grandparents born in another country? / (select all that apply)-At least one of my parents was born in another country.,Are you or your parents or grandparents born in another country? / (select all that apply)-At least one of my grandparents was born in another country.,What is your average annual household income?,What is your age?,What is your gender?,What is your racial or ethnic background?,What is your racial or ethnic background?-TEXT,What is your terminal level of education?,What is your terminal level of education?-TEXT,Thank-you for taking our survey. If you have any comments for the / research team about the survey...,LocationLatitude,LocationLongitude,LocationAccuracy,
R_4NOhzkNFH5vjmgl,Default Response Set,Anonymous,,,173.168.95.138,0,2014-11-24 17:04:01,2014-11-24 17:05:20,1,1,great,politcal,complete,welcomed,encouraging,,,,,,,,,,,,,,,,,,,,,,,,,,,,,,,,,,,0,4,0,5,,,,,,,,,,,,,0,2,,,,,,,,,,,,,,,2,,1,,,,1,2,1,6,,2,,na,28.090698242188,-82.451499938965,-1,
R_bJxEaz51rkL6uSV,Default Response Set,Anonymous,,,67.239.213.7,0,2014-11-24 17:04:06,2014-11-24 17:06:37,1,1,Freedom,Understanding,Welfare,Minorities,Mexicans,Blacks,Asians,Poverty,Single Mothers,Food Stamps,,,,,,,,,,,,,,,,,,,,,,,,,,,,,,0,1,,,,,,,,,,,0,4,,,,,0,5,,,,,,,,,,,,,1,Spanish,,,1,1,1,1,2,4,,2,,,36.031600952148,-115.21179962158,-1,
R_6ExgpX2Il4AGCZT,Default Response Set,Anonymous,,,69.136.112.69,0,2014-11-24 17:04:08,2014-11-24 17:07:39,1,1,Freedom,America,Greece,Voting,Elections ,,,,,,,,,,,,,,,,,1,,,,,,,,,,,,,,,,,,,,0,4,,,0,3,0,2,0,5,,,,,,,,,,,,,,,,,,,,,2,,1,,,,5,1,1,6,,3,,Thanks!,32.29899597168,-110.83090209961,-1,
R_d0ZkCwvuWcHiGLr,Default Response Set,Anonymous,,,72.184.239.100,0,2014-11-24 17:05:15,2014-11-24 17:07:59,1,1,people,fairness,townhall,greece,founding fathers,republic,voting,,,,,,,,,,,,,,,1,1,,,1,1,,,1,,,,,,,,,,,,,,0,3,0,2,,,,,,,,,,,0,5,,,,,,,,,,,,,2,,1,,,1,3,2,1,6,,4,,,27.916595458984,-82.803199768066,-1,
R_b7d5XkWemBOtNGZ,Default Response Set,Anonymous,,,98.228.128.155,0,2014-11-24 17:04:14,2014-11-24 17:09:49,1,1,freedom,fairness,choices,ethical,we the people,elections,voting,,,,,,,,,,,,,,,1,,,,,,,,,,,,,,,,,,,,,,,,0,5,,,,,,,,,0,3,,,,,,,,,,,,,,,2,,1,,,,1,4,2,6,,3,,,39.772003173828,-89.685897827148,-1,
R_9owwcNXdvaDLdS5,Default Response Set,Anonymous,,,68.35.193.30,0,2014-11-24 17:04:40,2014-11-24 17:11:22,1,1,freedom,justice,future,peaceful,popular,great,long lasting,helpful,vision,pride,right,superior,rights,liberty,happyness,graceful,powerful,friendly,common,solidarity,,,,,,,,,,,,,,,,,,0,5,,,,,,,0,2,,,0,4,,,,,0,3,0,1,,,,,,,,,,,,,2,,1,,,,3,2,1,1,,2,,,30.839492797852,-88.096801757812,-1,
R_7OkqVjwBAnNqg4J,Default Response Set,Anonymous,,,71.93.210.38,0,2014-11-24 17:04:54,2014-11-24 17:12:08,1,1,ideal,happy,represetative,human rights,voting,public ,politician,,,,,,,,,,,,,,1,,,,,,,,,,,,,,,,,,,,,,,,,,,,,,,0,2,0,3,,,,,,,,,,,,,,,,,2,,1,,,,2,3,2,6,,5,,,33.78239440918,-118.14440155029,-1,
R_9NQOoKqRC7yNQYR,Default Response Set,Anonymous,,,75.89.162.35,0,2014-11-24 17:05:34,2014-11-24 17:12:34,1,1,freedom,fairness,freedon of religion,chance ,rule by the people,,,,,,,,,,,,,,,,,,,,,1,1,1,,,,,,,,,,0,4,,,,,,,0,5,,,,,,,,,0,1,,,,,,,,,,,,,,,2,,1,,,,2,5,2,6,,2,,I hope we will remain a democracy.,37.715301513672,-85.856498718262,-1,
R_cVfmrsgbGOd1Cpn,Default Response Set,Anonymous,,,71.94.156.233,0,2014-11-24 17:12:04,2014-11-24 17:13:35,1,1,mob rules,deomcratics,group,vote,america,,,,,,,,,,,,,,,,1,,,,,,,,,,,,,,,,,,,,,,,,,,,0,4,,,,,,,,,0,2,,,,,,,,,,,,,2,,1,,,,2,2,2,1,,5,,Thanks,34.200500488281,-118.13619995117,-1,
R_3qRw3JkjFXWc5Dv,Default Response Set,Anonymous,,,184.152.92.230,0,2014-11-24 17:04:48,2014-11-24 17:14:52,1,1,majority rules ,the good of many ,public vote,ruled by citizens ,direct representation ,popular politicians ,,,,,,,,,,,,,,,,1,,,,,1,,,,,,,,,,,,,,,0,4,,,,,0,1,,,0,5,0,3,,,,,,,,,,,,,,,,,2,,1,,,,3,1,2,6,,4,,,41.75830078125,-74.065696716309,-1,
R_55qc2vzeLOm7sBT,Default Response Set,Anonymous,,,104.193.67.251,0,2014-11-24 17:09:28,2014-11-24 17:16:48,1,1,Freedom,Choice,Selection,Equality,Opportunity,Fairness,Possibility,Politics,,,,,,,,,,,,,,1,,,,,,,,,,,,,,,,,,,,,,,,,,,,,,,,0,2,0,3,,,,,,,,,,,,,,,2,,1,,,,2,2,1,3,,5,,,43.666702270508,-79.416702270508,-1,
R_bPbzIOZ5CFfi7AN,Default Response Set,Anonymous,,,74.115.210.193,0,2014-11-24 17:15:01,2014-11-24 17:17:59,1,1,equality,justice,voting,representation,normalicy,,,,,,,,,,,,,,,,,1,1,,,,,,,,,,,,,,,,,,,,,,,,,0,4,0,2,0,1,,,,,,,,,,,,,,,,,,,2,,,,,1,2,4,2,6,,5,,Thank you!,32.715301513672,-117.15730285645,-1,
R_cSkeWS530UznowJ,Default Response Set,Anonymous,,,162.200.128.164,0,2014-11-24 17:17:03,2014-11-24 17:20:10,1,1,myth,power hungry,hypocrites,fantasy land,I wish,forefathers,,,,,,,,,,,,,,,,,,1,,,,,,,,,,,,,,0,4,,,0,2,,,,,,,,,,,0,1,,,,,,,,,,,,,,,,,2,,1,,,,3,3,1,6,,5,,,39.532699584961,-84.290100097656,-1,
R_1TYqSl0iFwsEt0h,Default Response Set,Anonymous,,,23.122.136.196,0,2014-11-24 17:16:46,2014-11-24 17:21:43,1,1,egalitarian,one person one vote,freedom,mob rule,constitution,western world,voting,,,,,,,,,,,,,,,,1,,,,,,,,,,,,,,,,,,,,,,,0,4,0,2,0,1,,,,,0,5,,,,,,,,,,,,,,,2,,,,1,,3,3,2,3,,4,,,32.889694213867,-117.13359832764,-1,
R_6zj1fg665rsO14V,Default Response Set,Anonymous,,,50.186.232.244,0,2014-11-24 17:23:35,2014-11-24 17:29:07,1,1,civilization,society,justice,voting,election,,,,,,,,,,,,,,,,,1,,,,,,,,,,,,,,,,,,,,,,0,4,0,2,0,1,0,5,,,,,,,,,,,,,,,,,,,,,1,Spanish,,,1,1,1,1,1,4,,5,,,25.726699829102,-80.235801696777,-1,
R_2iCnyqOAGcooxFj,Default Response Set,Anonymous,,,108.228.215.45,0,2014-11-24 17:27:12,2014-11-24 17:29:43,1,1,America,representative,Greece,voting,people power,broken,subversion of,,,,,,,,,,,,,,,,,,,,,,,,,,,,,,,,,,,,,0,3,0,5,0,4,0,2,,,,,0,1,,,,,,,,,,,,,,,2,,1,,,,3,3,1,6,,5,,Thanks,42.206100463867,-83.622802734375,-1,
R_8f9pkCd0kCJVjjn,Default Response Set,Anonymous,,,67.3.216.129,0,2014-11-24 17:31:49,2014-11-24 17:33:24,1,1,USA,Government,Voting,Equality,Fairness,,,,,,,,,,,,,,,,,1,,,,,,,,,,,,,,,,0,5,,,,,,,,,,,,,,,0,3,,,,,,,,,,,,,,,,,2,,1,,,,1,1,1,6,,3,,,41.258605957031,-95.937797546387,-1,
R_9KtIvVTXFjKg8mh,Default Response Set,Anonymous,,,74.126.235.90,0,2014-11-24 17:33:32,2014-11-24 17:35:23,1,1,freedom,equality,people,united,election,,,,,,,,,,,,,,,,,1,,,,,,,,,,,,,,,,,,,,,,,,0,5,,,0,2,,,,,,,,,,,,,,,,,,,,,2,,,,1,1,1,1,2,6,,5,,,34.153900146484,-117.99189758301,-1,
R_eSf4GkXTuCj9gAB,Default Response Set,Anonymous,,,68.192.85.153,0,2014-11-24 17:04:19,2014-11-24 17:35:37,1,1,America,Flags,Pennsylvania,Constitution,Washington DC,Presidents,Speeches,Voting,Ads,,,,,,,,,,,,,1,,1,,1,,,,,,,,,,,,0,3,,,,,,,0,5,,,,,,,0,2,0,1,,,,,,,,,,,,,,,2,,1,,,,3,2,2,6,,3,,,41.126693725586,-73.569999694824,-1,
R_8qUNY8WaLMNeSkR,Default Response Set,Anonymous,,,172.1.92.156,0,2014-11-24 17:31:58,2014-11-24 17:36:34,1,1,peace,people,justice,equality,capitalism,human rights,,,,,,,,,,,,,,,,,,1,,,,,,,,,,,,,,,,0,3,,,,,,,,,,,0,2,,,,,,,,,,,,,,,,,,,2,,1,,,,3,2,2,6,,6,,There was a typo on the yearly income question.,33.994003295898,-96.370796203613,-1,
R_7NAdunLz2TRgUXH,Default Response Set,Anonymous,,,71.9.97.176,0,2014-11-24 17:31:23,2014-11-24 17:36:56,1,1,freedom,voting,democrats,republicans,choices,America,government,,,,,,,,,,,,,,,1,,,,1,,,,,,,,,,,,,,,,,,0,5,,,,,0,3,,,0,4,0,1,,,,,,,,,,,,,,,2,,1,,,,2,4,2,6,,4,,Thank you,39.490707397461,-119.90280151367,-1,
R_2gfZvfq8WcikJW5,Default Response Set,Anonymous,,,107.14.56.128,0,2014-11-24 17:42:25,2014-11-24 17:43:42,1,1,lie,false,cruel,evil,bad,,,,,,,,,,,,,,,,,,,,,,,,,,,,,,,,,,,0,3,,,,,0,1,,,,,,,,,,,,,,,,,,,,,,,,,2,,1,,,,1,2,1,9,,6,,,34.052200317383,-118.24369812012,-1,
R_cMTT9eqWTQSGL53,Default Response Set,Anonymous,,,76.79.113.21,0,2014-11-24 17:45:11,2014-11-24 17:50:46,1,1,Diversity,Voices,People,Balance,Justice,Bottom-up,Fairness,,,,,,,,,,,,,,1,,1,,,,,,,,,,,,,,,,,,,,,,,,,0,1,,,0,4,0,3,,,0,2,,,,,,,,,,,,,1,Korean,,,1,1,2,2,1,3,,5,,,34.052200317383,-118.24369812012,-1,
R_3JExZL7ygDip0QR,Default Response Set,Anonymous,,,128.111.97.162,0,2014-11-24 17:40:26,2014-11-24 17:51:59,1,1,freedom,america,free will,loyalty,usa,declaration of independence,elections,politics,,,,,,,,,,,,,,,,,,,,,,,,,,,,,,0,2,,,,,,,0,5,,,,,,,0,4,,,0,3,,,,,,,,,,,,,2,,,,1,1,3,1,1,4,,3,,,34.432907104492,-119.83709716797,-1,
R_2rQGbUOGbfr3Tkp,Default Response Set,Anonymous,,,71.235.198.251,0,2014-11-24 17:51:12,2014-11-24 17:53:41,1,1,participation,republic,egalitarianism,representation,voting,,,,,,,,,,,,,,,,1,1,,,,,,,,,,,,,,,,,,,,0,5,,,0,1,,,0,2,,,0,4,0,3,,,,,,,,,,,,,,,2,,1,,,,3,1,1,6,,5,,,42.77619934082,-71.077301025391,-1,
R_9KWWGeIzEwdlgdT,Default Response Set,Anonymous,,,184.58.176.38,0,2014-11-24 17:55:08,2014-11-24 17:59:01,1,1,freedom,people,voting,majority,matter,,,,,,,,,,,,,,,,,,,,,,,,,,,,,,,,,0,5,,,,,,,,,,,,,0,1,0,4,,,,,,,,,,,,,,,,,2,,1,,,,2,3,2,6,,4,,,43.32080078125,-88.031402587891,-1,
R_eaIHi6q6Y3CEuoZ,Default Response Set,Anonymous,,,98.243.51.236,0,2014-11-24 17:04:04,2014-11-24 17:04:17,0,1,,,,,,,,,,,,,,,,,,,,,,,,,,,,,,,,,,,,,,,,,,,,,,,,,,,,,,,,,,,,,,,,,,,,,,,,,,,,,,,,,,,,,,,,-1,
R_9vOhxzfoYXgDyuh,Default Response Set,Anonymous,,,107.140.88.206,0,2014-11-24 17:29:08,2014-11-24 17:29:33,0,1,,,,,,,,,,,,,,,,,,,,,,,,,,,,,,,,,,,,,,,,,,,,,,,,,,,,,,,,,,,,,,,,,,,,,,,,,,,,,,,,,,,,,,,,-1,
R_3DcRIBtxcBBLky1,Default Response Set,Anonymous,,,76.79.113.21,0,2014-11-24 17:42:56,2014-11-24 17:45:12,0,1,People,Check,Fairness,Balance,Voices,Diversity,Justice,Difficult,,,,,,,,,,,,,1,,,,,,,,,,,,,,,,,,,,,,,,,,,,,,,,,,,,,,,,,,,,,,,,,,,,,,,,,,,,,,,,,,,-1,
R_0Htv2hTGQMXjEeF,Default Response Set,Anonymous,,,72.19.96.26,0,2014-11-25 12:54:34,2014-11-25 12:54:46,0,1,,,,,,,,,,,,,,,,,,,,,,,,,,,,,,,,,,,,,,,,,,,,,,,,,,,,,,,,,,,,,,,,,,,,,,,,,,,,,,,,,,,,,,,,-1,
R_5drB4FnSdAISL77,Default Response Set,Anonymous,,,68.117.46.146,0,2014-12-02 20:20:52,2014-12-02 20:24:15,1,1,United States,Freedom,Liberty,Obama,Monarchy,,,,,,,,,,,,,,,,,1,,,,,,,1,,1,,1,,1,,1,,,,,,,0,4,0,1,0,5,,,,,,,0,2,,,0,3,,,,,,,,,,,2,,1,,,,4,1,1,6,,3,,,44.630706787109,-93.303398132324,-1,
R_42RKEMJICylHfAp,Default Response Set,Anonymous,,,70.161.137.154,0,2014-12-02 20:21:44,2014-12-02 20:24:38,1,1,laws,legal,citizens,unity,helping,,,,,,,,,,,,,,,,1,,,,,,1,,,,,,,,,,1,,,,,,,,,0,4,,,,,0,2,0,3,0,1,,,,,,,0,5,,,,,,,2,,1,,,,2,1,1,1,,3,,,36.764602661133,-76.198997497559,-1,
R_6EcEN628XZc6PnT,Default Response Set,Anonymous,,,99.198.108.116,0,2014-12-02 20:22:05,2014-12-02 20:24:40,1,1,choice,voice,opinion,fairness,voting,representation,government,USA,blue,,,,,,,,,,,,,1,1,,,,,,,,,,,,,1,1,,,,,,,,,0,1,0,2,0,3,,,,,,,,,0,5,,,0,4,,,,,,,2,,,,,1,1,1,2,6,,5,,,41.882507324219,-87.644096374512,-1,
R_eKv8G6JvqzvWV6J,Default Response Set,Anonymous,,,71.224.151.228,0,2014-12-02 20:22:16,2014-12-02 20:24:55,1,1,people,freedom,government,choice,vote,voting,votes,republic,liberal,conservative,politics,america,arguments,,,,,,,,1,1,,,,,,,,,,,,,1,,1,,,,,,,,,0,1,,,,,0,2,,,,,0,5,0,3,,,0,4,,,,,,,2,,1,,,,2,1,1,6,,2,,,40.042495727539,-75.018402099609,-1,
R_6yepNCPrO6atUXz,Default Response Set,Anonymous,,,50.27.224.6,0,2014-12-02 20:22:38,2014-12-02 20:25:06,1,1,government,laws,america,obama,republicans,,,,,,,,,,,,,,,,,,,1,,,,,,,,1,,,,,,,,,,,,,,0,2,,,0,5,0,1,,,,,0,3,,,,,0,4,,,,,,,2,,1,,,,1,1,1,6,,3,,,39.726501464844,-94.732200622559,-1,
R_02FAmNgGDRAkbOZ,Default Response Set,Anonymous,,,108.49.66.106,0,2014-12-02 20:21:41,2014-12-02 20:25:13,1,1,greece,voting,fairness,majority,republic,senator,justice,,,,,,,,,,,,,,,,,,,,,,,,,,,,,1,1,,,,,,,,,0,5,0,4,,,0,1,0,2,0,3,,,,,,,,,,,,,,,2,,1,,,,3,2,1,6,,5,,,42.087600708008,-71.407302856445,-1,
R_eRlHqe8EJni78R7,Default Response Set,Anonymous,,,73.0.199.223,0,2014-12-02 20:22:09,2014-12-02 20:25:21,1,1,freedom,liberty,peace,fairness,good,,,,,,,,,,,,,,,,1,,,,,,,,,,,,,,,1,1,,,,,,,,,,,0,3,,,0,5,,,0,4,0,2,0,1,,,,,,,,,,,1,spanish,,,,1,2,2,1,4,,5,,none,26.663299560547,-80.128402709961,-1,
R_esQE78STXQhcPVX,Default Response Set,Anonymous,,,69.137.114.134,0,2014-12-02 20:22:40,2014-12-02 20:25:23,1,1,freedom,cooperation,collaboration,vote,popular opinion,,,,,,,,,,,,,,,,,1,,,,,,,,,,,,,,1,1,,,,,,,,,,,,,0,3,0,4,,,,,,,0,5,0,2,,,0,1,,,,,2,,1,,,,3,2,1,6,,3,,,35.998504638672,-86.780601501465,-1,
R_6fGsUkZY94shvAp,Default Response Set,Anonymous,,,69.130.74.7,0,2014-12-02 20:22:09,2014-12-02 20:26:14,1,1,wolves and sheep voting for dinner,mob rule,degeneration,welfare,public trough ,centralization of the State,high taxes,dominated by special interests,war of all against all,secret band of murderers and thieves,violation of the natural law,absurdity of social contract,,,,,,,,,1,1,1,,,,1,1,1,1,1,1,,1,1,1,,,,,,,,0,4,0,2,0,3,,,,,,,,,,,,,0,1,,,,,,,0,5,2,,,,1,,1,1,1,6,,5,,Anarchist,44.687896728516,-69.85009765625,-1,
R_7V9MUzbbpUyQ53T,Default Response Set,Anonymous,,,104.143.179.122,0,2014-12-02 20:21:41,2014-12-02 20:26:16,1,1,Voting,Popular,Universal,Freedom,Political,Suffrage,Election,Republican Tradition,French Revolution,American Revolution,,,,,,,,,,,1,1,,,,,,,,,,,,,,,1,,,,,,,,,,,0,1,,,,,0,4,0,2,,,0,3,,,,,0,5,,,,,2,,,,1,1,2,1,1,6,,5,,,43.020797729492,-89.360000610352,-1,
R_cAVArj6KPn12eOh,Default Response Set,Anonymous,,,134.71.135.205,0,2014-12-02 20:24:02,2014-12-02 20:26:29,1,1,Voting,Elections,President,Checks and Balances,Laws,Rights,Constitution,,,,,,,,,,,,,,,1,,,,,,1,,,,,,,1,,,0,5,,,,,,,0,1,0,3,,,,,,,0,2,,,,,,,0,4,,,,,,,1,Hebrew,,,,1,4,1,1,6,,5,,,34.065902709961,-117.78959655762,-1,
R_3DJljUtJCMMYOm9,Default Response Set,Anonymous,,,50.142.87.144,0,2014-12-02 20:23:53,2014-12-02 20:26:35,1,1,voting,freedom,majority rules,rights,people rule,,,,,,,,,,,,,,,,1,,,,,,,,,,,,,,,1,1,,,,,,,,,,,0,1,0,2,,,0,4,0,5,,,0,3,,,,,,,,,,,2,,1,,,,2,3,1,6,,3,,,36.783401489258,-82.906898498535,-1,
R_etclPrR4dxe1Dnv,Default Response Set,Anonymous,,,69.144.185.29,0,2014-12-02 20:24:04,2014-12-02 20:26:42,1,1,freedom,choice,liberty,pursuit of happiness,voting,America,President,,,,,,,,,,,,,,,,,,,,,,,,,,,,,1,,0,4,,,,,,,0,3,,,0,5,,,,,,,,,0,1,,,0,2,,,,,,,2,,1,,,,2,2,1,6,,5,,,46.009201049805,-112.4421005249,-1,
R_ebAAgSP864u8U3b,Default Response Set,Anonymous,,,71.203.210.221,0,2014-12-02 20:22:49,2014-12-02 20:26:54,1,1,sham,fake,misunderstood,old idea,good idea on paper,the US is not a true democracy,Most people mistake most first world countries as democracies,,,,,,,,,,,,,,,1,1,1,,,1,1,1,,,,,,1,,1,,,,,,,,,0,5,0,1,,,,,,,0,3,0,2,0,4,,,,,,,,,,,2,,1,,,,2,2,1,6,,4,,,36.178207397461,-86.609802246094,-1,
R_3I7z8bE6TO1kfNX,Default Response Set,Anonymous,,,75.30.94.183,0,2014-12-02 20:24:54,2014-12-02 20:27:04,1,1,unity,together,one,friendly,careful,,,,,,,,,,,,,,,,,1,,,,,,,,,,,,,,,,,,,,,,,,0,2,,,,,0,1,0,3,0,4,0,5,,,,,,,,,,,,,2,,1,,,,2,1,2,6,,3,,,39.792602539062,-86.255096435547,-1,
R_3D9Gm0OGRh6a5Fj,Default Response Set,Anonymous,,,71.227.78.114,0,2014-12-02 20:25:12,2014-12-02 20:27:08,1,1,voting,elections,politicians,congress,president,america,india,china,people,US flag,,,,,,,,,,,,1,,,,,,,,,,,,,1,,1,,,,,,,,,0,1,0,3,,,0,4,,,,,,,,,0,5,0,2,,,,,,,2,,,,1,1,5,1,1,3,,5,,,42.54280090332,-83.379501342773,-1,
R_eQ01u5o1GcH2kfP,Default Response Set,Anonymous,,,50.152.99.250,0,2014-12-02 20:24:03,2014-12-02 20:27:10,1,1,democrats,replubicans,conservative ,liberal,Clinton,health care,gun control,,,,,,,,,,,,,,,,,,,,,,,,,,,,,1,,,,,,,,,,0,1,0,5,,,0,4,,,0,3,,,,,,,0,2,,,,,,,2,,1,,,,2,2,1,6,,2,,,40.550094604492,-76.397003173828,-1,
R_3z7T2tkWDcu4jsN,Default Response Set,Anonymous,,,99.43.85.48,0,2014-12-02 20:21:40,2014-12-02 20:27:12,1,1,Athens,Greece,USA,Freedom,Voting,Chaos,Corruption,Election,Government,Ballots,,,,,,,,,,,1,1,1,,,,,1,,,1,,,,,1,1,,,,,,,0,5,0,3,0,2,0,4,,,,,,,,,,,,,0,1,,,,,,,2,,1,,,,1,4,1,3,,6,,,34.112503051758,-118.19079589844,-1,
R_e9YM9fkBZ4oXqF7,Default Response Set,Anonymous,,,50.190.171.194,0,2014-12-02 20:23:39,2014-12-02 20:27:12,1,1,Voting,Minority rights,Representation,Plurality,Checks and balances,One person one vote,Big money,,,,,,,,,,,,,,,1,,,,,,1,,,,,,,1,,,,,,,0,5,,,0,2,,,0,3,,,0,4,,,,,,,,,0,1,,,,,,,2,,1,,,,5,2,1,6,,6,,Thank you!,38.677993774414,-77.319702148438,-1,
R_0VunF67OlFkrRwF,Default Response Set,Anonymous,,,208.73.92.13,0,2014-12-02 20:23:39,2014-12-02 20:27:27,1,1,Equality of opportunity,Egalitarianism,Power to the people,People choosing their government,Choice,Results,Society,Lack of corruption,No corporate rule,Free and fair elections,,,,,,,,,,,1,,1,,,,,,,,,,,,,1,1,,,,,,,,,0,2,0,1,,,,,0,3,0,4,0,5,,,,,,,,,,,,,2,,1,,,,3,2,1,6,,5,,"Liked it, would like to do more like it",43.194595336914,-89.202499389648,-1,
R_8nXWuTfiyvHtpXL,Default Response Set,Anonymous,,,98.114.200.163,0,2014-12-02 20:24:04,2014-12-02 20:27:29,1,1,Freedom,Choice,Free Speach,Voting,Elections,Representation,Fair,Just,,,,,,,,,,,,,1,,,,,,,,,,,,,,,1,1,,,,,,,,,0,4,0,3,0,5,,,,,0,2,,,0,1,,,,,,,,,,,1,,1,,,,5,3,1,6,,7,,No comments,39.785003662109,-75.68229675293,-1,
R_4HeOPawabyxACWN,Default Response Set,Anonymous,,,104.174.13.42,0,2014-12-02 20:23:25,2014-12-02 20:27:34,1,1,freedom,liberty,voting,election,society,,,,,,,,,,,,,,,,,,,,,,,,,,,,,,1,1,1,,,,,,,,,0,4,0,2,,,0,3,0,1,,,,,0,5,,,,,,,,,,,1,Spanish,,,,1,2,1,2,4,,5,,,33.71989440918,-117.90319824219,-1,
R_09womCBTjXlhFkx,Default Response Set,Anonymous,,,66.87.82.22,0,2014-12-02 20:21:07,2014-12-02 20:27:51,1,1,Freedom,Choice,Guns,money,G.Washington,Abraham Lincoln,Civil War,Murica,Fast food,Imigration,Curruption,Corn,Indians,Iphone,Microsoft,Enron,Lawyers,Potato chips,F-86 Sabre,Racism,1,1,,1,1,,,,1,,1,1,,,,,,,,,,,,,,,,,,,,0,5,,,0,2,,,,,,,0,1,0,4,,,0,3,1,Russian,,1,1,1,2,2,1,6,,4,,,39.436996459961,-76.781799316406,-1,
R_3dCagm4jSk9R6UR,Default Response Set,Anonymous,,,24.228.1.81,0,2014-12-02 20:24:20,2014-12-02 20:27:53,1,1,FREEDOM,FREE SPEECH,THE RIGHT TO HOLD A PROTEST,THE RIGHT TO VOTE,THE RIGHT TO AN EDUCATION,THE RIGHT TO CHOOSE WHATEVER CAREER I WANT ,PEACE,UNITY,IDEAS,COMMUNITY,AMERICAN,,,,,,,,,,,,,,,,,,,,,,,,,1,,,,,,,,,,,,0,4,,,,,0,1,0,3,,,0,2,,,,,0,5,,,,,2,,,,,1,5,2,2,1,,5,,,40.739105224609,-74.19450378418,-1,
R_d3Y2epMIlq2FqRL,Default Response Set,Anonymous,,,100.4.158.203,0,2014-12-02 20:22:07,2014-12-02 20:28:03,1,1,voting,freedom,rights,people,America,fight,quality,,,,,,,,,,,,,,,1,,,,,,,,,,,1,,,,,,,,,0,5,,,0,4,,,,,,,,,0,2,,,,,,,0,1,,,,,0,3,2,,1,,,,5,2,1,6,,6,,Great survey,42.225692749023,-73.742897033691,-1,
R_cVebLscSDgSFyst,Default Response Set,Anonymous,,,73.174.16.77,0,2014-12-02 20:25:37,2014-12-02 20:28:07,1,1,equality,voting ,suffrage,election day,ballots,politicians,congress,political parties,,,,,,,,,,,,,1,,,,,,,,,,,,,,,1,1,,,,,,,,,0,2,0,3,,,0,1,0,5,,,,,,,,,,,0,4,,,,,2,,1,,,,2,2,2,6,,5,,,40.429504394531,-80.014801025391,-1,
R_9ot2uuRvQbKFIR7,Default Response Set,Anonymous,,,208.58.34.229,0,2014-12-02 20:22:13,2014-12-02 20:28:08,1,1,voting,limited choices,majority opinion,persuasion,politics,political parties,republicans and democrats,liberals and conservatives,equality,,,,,,,,,,,,,1,,,,,,,,,,,,,,1,,,,,,,,0,5,0,1,0,3,0,2,,,0,4,,,,,,,,,,,,,,,,,2,,1,,,,2,2,1,6,,3,,n/a,40.656295776367,-75.466102600098,-1,
R_5BiR2p7Ff9cLEKp,Default Response Set,Anonymous,,,69.197.221.235,0,2014-12-02 20:24:40,2014-12-02 20:28:31,1,1,taxes,lies,voting,job pay,unemployment,,,,,,,,,,,,,,,,,,,,,,,,,,,,1,,,,,0,3,0,4,,,,,,,,,,,0,5,0,1,0,2,,,,,,,,,,,,,,,2,,1,,,,1,3,2,6,,2,,No comments,31.327102661133,-89.290298461914,-1,
R_8uZLn5C4WX8uTbf,Default Response Set,Anonymous,,,71.232.226.146,0,2014-12-02 20:22:09,2014-12-02 20:28:35,1,1,elections,representation,accountability,choice,people,enfranchisement,diversity,term limits,rights,equality,,,,,,,,,,,,1,,,,,,,,,,,,,,,1,,,,,,,,,0,1,0,2,0,3,,,0,5,0,4,,,,,,,,,,,,,,,2,,1,,,,2,3,1,6,,5,,,41.768295288086,-70.600700378418,-1,
R_6X5QBXROewCTYd7,Default Response Set,Anonymous,,,67.171.244.93,0,2014-12-02 20:23:45,2014-12-02 20:28:42,1,1,freedom,justice,liberty,everybody has a say,peaceful,progressive,fair,balanced,United States,pride,worth fighting for,what people what,desire spread by the internet,,,,,,,,,,,,,,,,,,,,,,,1,,,,,,,,,,0,3,,,,,0,1,0,2,0,4,,,,,0,5,,,,,,,,,2,,,,,1,1,5,2,6,,5,,Very interesting and thought-provoking survey. Thank you.,44.048599243164,-123.21969604492,-1,
R_1O0e1dYSpkaw83b,Default Response Set,Anonymous,,,74.192.224.119,0,2014-12-02 20:26:44,2014-12-02 20:28:44,1,1,freedom,choice,respect,government,mob rule,legislation,town hall,representative,senate,presidency,law,rules,,,,,,,,,,1,,1,,,,,,1,,,,,1,1,1,0,3,,,,,,,0,4,,,,,0,1,0,5,,,,,,,,,0,2,,,,,,,2,,1,,,,2,1,1,6,,4,,thank you for the opportunity!,30.567001342773,-96.283699035645,-1,
R_9Hp3hhwrzFiyqrz,Default Response Set,Anonymous,,,174.25.35.148,0,2014-12-02 20:25:19,2014-12-02 20:28:56,1,1,freedom,justice,independence,equal voting rights,choosing who to vote for,happiness,achievement,closer to utopia,,,,,,,,,,,,,,1,,,,,,,,,1,1,,,,1,1,,,,,,,0,4,0,1,0,3,0,2,,,,,0,5,,,,,,,,,,,,,,,2,,,,1,,3,2,2,3,,5,,,45.523406982422,-122.6762008667,-1,
R_50aV2fe9kiqTDal,Default Response Set,Anonymous,,,70.116.58.61,0,2014-12-02 20:25:48,2014-12-02 20:29:28,1,1,Public,Voting,Freedom,United,People,Majority,Opportunity,,,,,,,,,,,,,,,,,,,,,,,,,,,,,1,1,,,,,,,,,,,,,0,2,0,3,0,1,0,5,,,0,4,,,,,,,,,,,2,,1,,,,1,2,1,6,,2,,,30.454895019531,-97.756500244141,-1,
R_eyWg6P7fFy2vMIR,Default Response Set,Anonymous,,,173.168.95.138,0,2014-12-02 20:26:42,2014-12-02 20:29:28,1,1,freedom,curse,mystery,wondeful,creation,,,,,,,,,,,,,,,,,,,,,,,,,,,1,,,,,,,,0,1,,,,,0,5,0,3,,,,,,,,,,,,,,,0,4,,,0,2,,,2,,1,,,,2,2,1,6,,2,,na,28.090698242188,-82.451499938965,-1,
R_29IU37aiqP9pskl,Default Response Set,Anonymous,,,107.205.218.238,0,2014-12-02 20:23:08,2014-12-02 20:29:32,1,1,vote,we the people,representation,government,freedom,equality,,,,,,,,,,,,,,,,1,1,1,,,,,,,1,,,,1,1,1,,,,,,,,,0,2,0,3,0,1,0,5,0,4,,,,,,,,,,,,,,,,,2,,,1,1,1,5,3,2,3,,8,J.D.,,41.973403930664,-88.206497192383,-1,
R_eWj55PA9PBxnsbP,Default Response Set,Anonymous,,,69.113.155.95,0,2014-12-02 20:23:55,2014-12-02 20:29:41,1,1,freedom,equality ,voting ,division of power ,capitalism ,,,,,,,,,,,,,,,,,1,,,,,,,,,,,,,,1,1,,,,,,,0,3,0,1,,,0,2,0,5,,,,,,,,,,,0,4,,,,,,,2,,1,,,,5,1,1,6,,5,,,41.078002929688,-74.176399230957,-1,
R_5okFXdG8gdxK353,Default Response Set,Anonymous,,,75.64.199.3,0,2014-12-02 20:25:58,2014-12-02 20:29:42,1,1,freedom of choice,right to an independent life,economic success,justice for all,an adequate minimum for salaries,the chance to succeed,,,,,,,,,,,,,,,,,,1,,,,,,,1,,,,,,,,,,,,,,,,,,,0,4,,,0,1,0,3,,,0,2,,,0,5,,,,,,,2,,1,,,,1,3,2,6,,5,,Thanks.,32.288299560547,-88.587997436523,-1,
R_4UzCFEqC1yT9g7H,Default Response Set,Anonymous,,,68.80.10.85,0,2014-12-02 20:25:47,2014-12-02 20:29:52,1,1,United Nations,Politics,President,Governer,Mayor,Senate,Amendments,Republican,,,,,,,,,,,,,,1,,,,1,,,,,,,,,,,,0,2,,,,,,,0,4,,,0,1,,,,,0,3,,,0,5,,,,,,,,,,,2,,1,,,,2,2,1,6,,2,,Enjoyable Survey!,39.968597412109,-75.176200866699,-1,
R_bBDgTcdYv2FuBmZ,Default Response Set,Anonymous,,,139.84.106.106,0,2014-12-02 20:26:18,2014-12-02 20:29:54,1,1,voting,america,freedom,choice,elections,issues,debates,justice,consttitution,rights,,,,,,,,,,,,,,,,,,,,,,,,,,,,,,,,,,,,0,1,,,0,4,,,,,,,0,3,0,2,,,0,5,,,,,,,2,,,,1,1,3,1,,1,,5,,,40.037506103516,-75.145401000977,-1,
R_8dBmAej5ZmJuRY9,Default Response Set,Anonymous,,,24.101.148.50,0,2014-12-02 20:23:18,2014-12-02 20:29:55,1,1,working class,by the people,welfare,handouts,clinton,carter,obama,shady,clickish,political party,,,,,,,,,,,1,1,,,,,,,,,,,,,1,,1,,,,,,,,,0,5,,,0,2,0,3,0,4,,,,,0,1,,,,,,,,,,,2,,,,,1,2,4,1,6,,3,,No comments come to mind. I  really fully in touch with the meaning of a Democrat these days...if this matters :0),41.097900390625,-80.761299133301,-1,
R_cRXirkIElh3E4BL,Default Response Set,Anonymous,,,66.74.188.243,0,2014-12-02 20:25:02,2014-12-02 20:30:01,1,1,People,Choice,Slow,Arguing,Revolution,White and black rocks,Our Government,Voices,Vote,,,,,,,,,,,,1,,,,,,,,,,,,,,,1,,,,,,,,0,5,0,3,0,2,0,4,,,,,0,1,,,,,,,,,,,,,,,2,,1,,,,1,3,1,6,,2,,Thank You. Happy Holidays!,34.157806396484,-116.27320098877,-1,
R_afLuzGgdC7c90nr,Default Response Set,Anonymous,,,104.169.95.6,0,2014-12-02 20:27:09,2014-12-02 20:30:07,1,1,Sad,Interesting,Different,Controversial ,Difficult,,,,,,,,,,,,,,,,,1,,1,,,,1,1,1,1,1,1,,,,,0,1,,,0,2,,,,,,,,,,,,,,,,,,,,,0,4,,,0,5,0,3,2,,1,,,,3,1,2,6,,2,,,39.398803710938,-83.970100402832,-1,
R_5iq6PgGM4n5TDF3,Default Response Set,Anonymous,,,70.191.197.248,0,2014-12-02 20:25:45,2014-12-02 20:30:09,1,1,usa,fair and equal treatment,the constitution,freedom,rights,congress,presidential elections,,,,,,,,,,,,,,,,,,,,,,,,,,,,,,,,,,,,,,,0,2,,,0,4,,,,,0,5,,,0,3,,,0,1,,,,,,,2,,,,,1,1,4,2,6,,3,,,30.451995849609,-86.629203796387,-1,
R_cFGOrgCc3Kw4tsF,Default Response Set,Anonymous,,,50.157.40.89,0,2014-12-02 20:26:39,2014-12-02 20:30:21,1,1,Elections,Voting,Freedom,People,Majority,Representative,Western,Modern,Justice,Leaders,,,,,,,,,,,,,,,,,,1,,,,,,,,,,,,,,,,,,0,1,0,2,0,3,,,,,0,4,0,5,,,,,,,,,,,,,2,,,1,1,1,2,2,1,6,,4,,Thank you!,32.216094970703,-89.88990020752,-1,
R_5oS1NfLkcdI6Lzv,Default Response Set,Anonymous,,,12.172.137.2,0,2014-12-02 20:28:30,2014-12-02 20:30:40,1,1,Freedom,Choice,Voice,Prosperity,Power,Influence,Participation,Equality,Fariness,Justice,,,,,,,,,,,1,1,1,,,,,,,,,,,,,1,1,,,,,,,0,4,,,0,3,0,5,,,0,1,,,,,,,,,,,0,2,,,,,2,,1,,,,3,2,1,6,,5,,,41.735107421875,-88.044700622559,-1,
R_cU7v5dEfINIJIZn,Default Response Set,Anonymous,,,71.237.251.170,0,2014-12-02 20:25:56,2014-12-02 20:30:49,1,1,majority,freedom,fairness,people,vote,truth,,,,,,,,,,,,,,,,,,,,,,,,,,,1,,,,1,,,,,,,,,0,2,0,1,0,5,,,,,0,4,,,,,,,0,3,,,,,,,2,,1,,,,2,4,1,6,,2,,Easy to understand,45.411407470703,-122.72399902344,-1,
R_dpf2RqrSPObRNch,Default Response Set,Anonymous,,,72.207.245.35,0,2014-12-02 20:28:06,2014-12-02 20:30:55,1,1,equality,freedom,justice,america,politics,government,,,,,,,,,,,,,,,,,,1,,,,,,,,,,,1,,,0,4,,,,,,,,,0,5,,,,,,,0,1,0,2,0,3,,,,,,,,,,,2,,1,,,,1,1,1,6,,3,,,30.399993896484,-91.145401000977,-1,
R_dbxk9hpCuozJn6J,Default Response Set,Anonymous,,,97.106.124.183,0,2014-12-02 20:27:13,2014-12-02 20:31:02,1,1,Government,Being able to vote,Bill Clinton,Democrats,People have the right to choose,Glad it's not a monarchy,,,,,,,,,,,,,,,,1,,,,,,,,,,,,,,,,0,5,,,,,,,0,3,0,1,0,2,,,0,4,,,,,,,,,,,,,,,,,2,,1,,,,2,2,2,6,,3,,,28.05729675293,-81.568702697754,-1,
R_2tyNOaK9od0pJLn,Default Response Set,Anonymous,,,50.23.131.245,0,2014-12-02 20:25:20,2014-12-02 20:31:07,1,1,vote,freedom,flawed,politics,groupthink,abuse,regulation,nationalism,,,,,,,,,,,,,,1,,,,,,,,,,,,,1,1,,,,,,,,,,0,1,,,,,0,4,0,5,0,3,,,0,2,,,,,,,,,,,2,,1,,,,2,4,1,6,,4,,,47.606201171875,-122.33209991455,-1,
R_0HCkWrMELhyhjEh,Default Response Set,Anonymous,,,75.27.53.119,0,2014-12-02 20:27:04,2014-12-02 20:31:09,1,1,fair,honest,shared,equal,republic,vote,president,representative,representation,tax,election,equality,nation,party,system,two,republican,democrat,judicial,legislative,,1,,1,,,,,,,,,,,1,1,,0,4,,,,,,,0,2,0,5,,,,,,,0,3,0,1,,,,,,,,,,,,,2,,,,,1,5,3,2,6,,5,,interesting survey.,41.569595336914,-87.79940032959,-1,
R_bxrszAvnHSWFI7b,Default Response Set,Anonymous,,,75.74.25.188,0,2014-12-02 20:28:15,2014-12-02 20:31:17,1,1,freedom,equality ,government,laws,rules,liberial,civil liberties,,,,,,,,,,,,,,,,,,,,,,,,,,,,,,,,,0,5,,,,,,,,,,,0,1,0,2,0,4,,,0,3,,,,,,,,,,,1,spanish,,,1,1,2,2,2,4,,3,,,25.597396850586,-80.403099060059,-1,
R_0JVBNTO0vYzkuZT,Default Response Set,Anonymous,,,69.204.83.125,0,2014-12-02 20:24:35,2014-12-02 20:31:22,1,1,choice,freedom,rights,civilization,society,vote,representation,decision,majority,organization,responsibility,helping,forming,leading,exemplary,people,unity,disagreement,unison,we complete each other,,,,,,,,,,,,,,,,1,1,,,,,,,,,0,4,0,3,0,2,,,0,1,0,5,,,,,,,,,,,,,,,2,,1,,,,3,3,1,6,,5,,,42.946197509766,-78.861602783203,-1,
R_eKI1Id9fWs35zxP,Default Response Set,Anonymous,,,69.180.174.87,0,2014-12-02 20:23:26,2014-12-02 20:31:29,1,1,ability to vote,freedom of choice,political parties,liberal vs. conservative,general elections,political campaigns,candidates debating,government ,president,house of representatives,congress,,,,,,,,,,,1,,,,,,,,,,,,,,1,1,,,,,,,0,4,0,2,0,1,0,3,0,5,,,,,,,,,,,,,,,,,,,2,,1,,,,2,2,2,6,,5,,,44.935806274414,-93.163101196289,-1,
R_0DPvNwtBNRt8REh,Default Response Set,Anonymous,,,71.234.132.192,0,2014-12-02 20:25:55,2014-12-02 20:31:32,1,1,liberty,freedom,pursuit of happiness,right to free speach,right to bear arms,right to vote,religous freedom,right to be yourself,opportunity,everyone equal,no royalty,,,,,,,,,,,1,,,,,,,,,,,,,1,1,,,,,,0,3,,,0,4,,,,,,,,,0,2,,,0,5,,,0,1,,,,,,,2,,,,,1,4,2,1,6,,7,,,41.384292602539,-70.553497314453,-1,
R_bBGKzcCPHbC3kEt,Default Response Set,Anonymous,,,134.10.23.245,0,2014-12-02 20:29:27,2014-12-02 20:31:45,1,1,Vote,Representation of People,Three Branches,President,House of Representatives,Congress,Senators ,Bureaucracy ,,,,,,,,,,,,,,,,,,,,1,,,,,,,,1,,,,,,,,,,,,0,4,0,5,,,0,3,0,2,,,0,1,,,,,,,,,,,1,Mandarin,,1,1,1,3,1,1,3,,2,,,45.476303100586,-122.64080047607,-1,
R_eKwCVdf8zu9ooS1,Default Response Set,Anonymous,,,75.133.255.20,0,2014-12-02 20:28:36,2014-12-02 20:31:58,1,1,Vote,Majority,Fair,America,Government,Justice,,,,,,,,,,,,,,,1,,,,,,,,,,,,,,,,,,,,,,,,,,,0,2,0,5,,,0,1,,,0,4,,,,,0,3,,,,,,,2,,,,,1,3,2,2,6,,5,,,43.051895141602,-83.334602355957,-1,
R_7Pt2aQSn3PmgNnL,Default Response Set,Anonymous,,,50.88.173.53,0,2014-12-02 20:24:31,2014-12-02 20:31:58,1,1,freedom,voting,politics,choice,government,capitalism,opportunity,,,,,,,,,,,,,,,1,,,,,,,,,1,,,,,,,,,,,,,,,0,4,,,,,0,2,,,0,1,,,0,5,,,0,3,,,,,,,2,,1,,,,2,4,1,6,,4,,,28.016998291016,-80.673599243164,-1,
R_eDJlFws2yIMXIqx,Default Response Set,Anonymous,,,74.36.129.44,0,2014-12-02 20:27:28,2014-12-02 20:32:07,1,1,Voting,Choice,Rights,Elections,Freedom,,,,,,,,,,,,,,,,,,,,,,,,,,,,,,,,1,,,0,4,,,,,,,,,,,0,3,0,2,0,1,,,0,5,,,,,,,,,,,2,,,,,1,1,2,2,6,,4,,,44.630706787109,-93.303398132324,-1,
R_brodigvrPfmfw21,Default Response Set,Anonymous,,,68.200.134.199,0,2014-12-02 20:28:02,2014-12-02 20:32:19,1,1,elections,freedom,representation,minority rights,majority rule,having a voice in government,being able to select people to represent your ideas,,,,,,,,,,,,,,1,,1,,,,,,,,,,,,,1,1,,,,,,,0,3,0,2,0,5,0,1,,,,,,,0,4,,,,,,,,,,,,,2,,1,,,,1,1,2,6,,5,,,28.049896240234,-82.362503051758,-1,
R_2c9Y8xK0jDGvh65,Default Response Set,Anonymous,,,66.189.212.226,0,2014-12-02 20:26:11,2014-12-02 20:32:20,1,1,freedom,America,vote,election,constitution,rights,,,,,,,,,,,,,,,1,1,,,,,,,,,,1,,,1,1,1,,,,,,,,,0,1,0,2,0,4,,,0,5,0,3,,,,,,,,,,,,,,,2,,1,,,,1,4,2,6,,4,,,46.211196899414,-119.13719940186,-1,
R_2l6DpkpaJs0QUhD,Default Response Set,Anonymous,,,71.214.127.173,0,2014-12-02 20:24:41,2014-12-02 20:32:21,1,1,freedom,choice,equality,individualism,respect,opportunity,tolerance,diversity,expression,security,,,,,,,,,,,,,,,,,,,,,,,,,,1,1,,,,,,,,,,,0,3,,,0,1,0,4,0,2,0,5,,,,,,,,,,,,,2,,,,,1,1,4,2,6,,5,,,45.523406982422,-122.6762008667,-1,
R_brvs9RzoItx4ebj,Default Response Set,Anonymous,,,67.191.111.29,0,2014-12-02 20:29:13,2014-12-02 20:32:29,1,1,Freedom,Choice,Voting,Free Market,World Leader,America,2 party system,Fair,Just,,,,,,,,,,,,,,,,,,,,,,,,,,,,,,,,,,,,,0,4,,,,,0,1,0,2,,,,,0,5,,,0,3,,,,,,,2,,1,,,,5,4,1,6,,2,,,30.567092895508,-81.838798522949,-1,
R_8uHUhanqrgnoUZL,Default Response Set,Anonymous,,,74.215.160.82,0,2014-12-02 20:26:27,2014-12-02 20:32:39,1,1,freedom,choice,fair,elections,representation,for the people,fighting for your own rights,land of the free,establishing freedoms for otheres,separation of church and state,human rights,free speach,reaching for equality,,,,,,,,,1,,,,,,,,,,,,,,1,,,,,,,,,,,,0,5,0,1,,,0,4,0,3,,,,,,,0,2,,,,,,,2,,1,,,,4,3,2,6,,5,,thanks!,39.336700439453,-84.549598693848,-1,
R_bj7NMJRS1AiEKAR,Default Response Set,Anonymous,,,72.84.255.48,0,2014-12-02 20:28:49,2014-12-02 20:32:45,1,1,freedom,choice,rights,transparency,vote,justice,,,,,,,,,,,,,,,1,,,,,,,,,,,,,,,1,1,,,,,,,,,0,4,0,2,,,,,0,3,0,1,,,0,5,,,,,,,,,,,2,,1,,,,1,4,2,6,,5,,,37.444900512695,-77.298301696777,-1,
R_8pIfPi6xUOt4ZyB,Default Response Set,Anonymous,,,72.52.84.139,0,2014-12-02 20:30:53,2014-12-02 20:32:50,1,1,freedom,voting,people,government,flawed,,,,,,,,,,,,,,,,,1,,,,,,,,,,,,,1,1,1,,,,,,,,,0,5,0,2,,,0,1,0,3,,,,,0,4,,,,,,,,,,,2,,,,1,1,2,2,1,4,,5,,,33.916397094727,-118.40409851074,-1,
R_1MkbXVKVJO3yXfn,Default Response Set,Anonymous,,,184.10.219.78,0,2014-12-02 20:27:09,2014-12-02 20:32:54,1,1,equality,freedom,free speech,free elections,equal chance at success,freedom of religion,equal chance at success,,,,,,,,,,,,,,,1,,,,,,,,,,,,,,,,0,2,,,0,5,,,0,4,,,0,1,0,3,,,,,,,,,,,,,,,,,,,2,,1,,,,3,3,1,6,,5,,no comments,40.425903320312,-86.908096313477,-1,
R_3OZfn8I4W48No3P,Default Response Set,Anonymous,,,76.186.66.196,0,2014-12-02 20:24:01,2014-12-02 20:33:08,1,1,majority rules,voting,self government,Illusion of choice,republic,better form of government,,,,,,,,,,,,,,,,,1,1,1,1,1,1,1,1,,1,1,1,,,,0,1,0,5,,,,,,,,,,,,,,,,,0,2,,,,,,,0,4,0,3,,,2,,1,,,,2,4,1,6,,3,,,32.639892578125,-96.966102600098,-1,
R_01HQBuNqqAGq71r,Default Response Set,Anonymous,,,74.71.185.49,0,2014-12-02 20:29:49,2014-12-02 20:33:10,1,1,government,voting,for the people,beneficial ,strong structure,freedom,,,,,,,,,,,,,,,,,,,,,,,,,,,,,,1,,,,,,,,0,5,0,1,,,,,0,2,,,0,4,,,,,,,0,3,,,,,,,2,,,,,1,2,2,1,4,,2,,thx,40.802200317383,-73.95240020752,-1,
R_41mbDXPxzrnv7s9,Default Response Set,Anonymous,,,108.196.136.202,0,2014-12-02 20:27:09,2014-12-02 20:33:15,1,1,Freedom,Propserity,Equality,Advancement,Resourceful,Self expression,Rights,,,,,,,,,,,,,,,1,,,,,,,,,,,,,,,1,,,,,,,,,,,0,5,,,0,2,,,0,4,,,0,1,,,,,0,3,,,,,2,,,,,1,2,3,1,4,,2,,Enjoyed.,29.032196044922,-95.469902038574,-1,
R_8kKtagpWHUD5Ti5,Default Response Set,Anonymous,,,99.182.197.214,0,2014-12-02 20:29:20,2014-12-02 20:33:31,1,1,freedom,social responsibilty,public welfare,equality,justice,protection ,fairness,supportive,community,balanced society,,,,,,,,,,,,,,,,,,,,,,,,,,1,,,,,,,,,,0,4,,,0,5,0,3,0,2,,,,,0,1,,,,,,,,,,,2,,,,,1,3,3,2,6,,3,,,42.659896850586,-83.12370300293,-1,
R_6KKVfJqZk9HgfXL,Default Response Set,Anonymous,,,174.69.197.73,0,2014-12-02 20:29:18,2014-12-02 20:33:36,1,1,freedom,progress,individualism,overcoming hierarchy,unfulfilled,propaganda,media bias,,,,,,,,,,,,,,,,,,,,,,,,,,,,,,,,,,,,,,,,,,,0,2,0,5,0,1,,,,,0,3,,,,,0,4,,,,,2,,1,,,,2,2,1,6,,2,,,30.285293579102,-91.798698425293,-1,
R_0U62d1iTQpSlShT,Default Response Set,Anonymous,,,47.20.213.147,0,2014-12-02 20:30:58,2014-12-02 20:33:40,1,1,voting,citizens,fair,election,ballot,,,,,,,,,,,,,,,,,,,,,,,,,,1,,,,1,1,1,,,,,,,0,4,0,1,,,,,,,0,5,0,3,,,0,2,,,,,,,,,,,2,,1,,,,4,3,1,6,,3,,,41.166107177734,-74.382301330566,-1,
R_3lKY4B0js17mDPL,Default Response Set,Anonymous,,,75.170.179.193,0,2014-12-02 20:24:24,2014-12-02 20:33:43,1,1,america,election,vote,united states,obama,electoral college,,,,,,,,,,,,,,,,,,,,1,1,,,,,,,,,,,,,,,,,,,0,3,,,,,0,2,0,5,,,0,4,,,,,0,1,,,,,,,2,,1,,,,4,2,2,6,,5,,,41.600494384766,-93.609100341797,-1,
R_82GgsYkRvGESTYh,Default Response Set,Anonymous,,,67.246.98.83,0,2014-12-02 20:31:35,2014-12-02 20:33:47,1,1,freedom,USA,voting,choice,picking a president,our nation,politics,,,,,,,,,,,,,,,1,1,,,,,,,,,,,,,1,,,,,,,,,,0,1,0,3,,,,,0,2,0,4,,,0,5,,,,,,,,,,,2,,1,,,,4,2,2,6,,5,,,43.348007202148,-76.34220123291,-1,
R_cu1J4WiEka9T1Yx,Default Response Set,Anonymous,,,76.120.82.198,0,2014-12-02 20:29:17,2014-12-02 20:33:49,1,1,Voting,Representation,Equality,Freedom,Fairness,,,,,,,,,,,,,,,,1,,,,,,,,,,,,,,,1,1,,,,,,,,,0,2,0,1,0,5,0,3,,,0,4,,,,,,,,,,,,,,,2,,1,,,,3,2,1,6,,2,,,39.87809753418,-105.04370117188,-1,
R_9FgcQrGtuKnp5Cl,Default Response Set,Anonymous,,,71.132.200.128,0,2014-12-02 20:30:08,2014-12-02 20:33:57,1,1,people,president,voting,election,politics,campaign,freedom,money,capitalism,,,,,,,,,,,,,,,,,,,,,,1,,,,,1,1,,,,,,,0,5,0,1,0,2,,,0,4,,,,,,,0,3,,,,,,,,,,,2,,,,,1,2,1,1,3,,3,,,37.935806274414,-122.3478012085,-1,
R_2mELHsVHiOviSu9,Default Response Set,Anonymous,,,66.31.247.250,0,2014-12-02 20:30:20,2014-12-02 20:34:00,1,1,freedom,rights,people,vote,majority,representation,,,,,,,,,,,,,,,,,,,,,,,,,,,,,,1,1,,,,,,,,,,,,,0,3,0,1,,,,,0,5,0,4,,,0,2,,,,,,,2,,1,,,,2,1,1,6,,5,,,42.348403930664,-71.155097961426,-1,
R_4UDgJJqAImQNGDP,Default Response Set,Anonymous,,,74.183.118.3,0,2014-12-02 20:26:08,2014-12-02 20:34:02,1,1,freedom,equality,voting,statue of liberty,expression,opinions,checks and balances,government by the people,citizen's rights,justice,elections,usa,,,,,,,,,1,1,,,,,,,,,,,,,,1,1,,,,,,,,,0,1,0,3,,,0,2,,,,,,,0,4,0,5,,,,,,,,,2,,1,,,,3,3,2,6,,6,,,36.919906616211,-84.167900085449,-1,
R_8GNITjut2fyBOyF,Default Response Set,Anonymous,,,76.17.14.151,0,2014-12-02 20:29:49,2014-12-02 20:34:04,1,1,freedom,American,president,people,vote,equal,,,,,,,,,,,,,,,,1,,,,,,,,,,,,,,,,,,,,,,,,0,4,,,0,3,0,2,,,0,1,,,0,5,,,,,,,,,,,2,,1,,,,2,3,2,6,,5,,,33.860198974609,-84.765403747559,-1,
R_0cUHE8Dq81vNfbn,Default Response Set,Anonymous,,,165.123.238.67,0,2014-12-02 20:31:01,2014-12-02 20:34:06,1,1,equality,fairness,America,government,voting,parties,partisanship,congress,representative,voter,ballot,polls,,,,,,,,,,1,1,,,,,,,,,,1,,,1,1,,,,,,,,,0,2,0,1,0,3,0,4,0,5,,,,,,,,,,,,,,,,,2,,,,1,,5,1,1,3,,3,,,39.959701538086,-75.196800231934,-1,
R_6saXRGODiCVupRH,Default Response Set,Anonymous,,,50.108.190.70,0,2014-12-02 20:29:56,2014-12-02 20:34:09,1,1,freedom,the US,equality,voting,majority rules,Republican,Democrats,Libertarians,Tea Party,Green Party,Obama is ruining it,Liberals,Conservatives,Flag,Proud to be an American,Other countries admire our government,Best government structure in the world,Military protects it,Ronald Reagan,George W Bush,,1,,,,,,,,,,,1,,,1,,,,,,,,,,0,5,0,4,,,0,3,,,0,2,,,0,1,,,,,,,,,,,2,,1,,,,5,4,2,6,,6,,,43.154800415039,-77.615600585938,-1,
R_71h9IjqU26BR92Z,Default Response Set,Anonymous,,,69.50.53.150,0,2014-12-02 20:32:18,2014-12-02 20:34:09,1,1,fairness,freedom,money,comfort,ease,liberty,,,,,,,,,,,,,,,,,,,,,,,,,,,,,,1,,0,5,,,,,,,,,,,,,,,0,2,,,,,0,1,,,0,4,0,3,,,,,2,,1,,,,1,1,1,6,,5,,,44.453994750977,-69.299697875977,-1,
R_6W3NkSR3hfQdotD,Default Response Set,Anonymous,,,65.130.122.28,0,2014-12-02 20:31:25,2014-12-02 20:34:16,1,1,We the People,America,Voting,Ballots ,Republicans vs Democrats,,,,,,,,,,,,,,,,,1,,,,,,,,,,,,,,,,,,,,,,0,4,0,1,,,0,3,0,5,,,,,,,,,,,0,2,,,,,,,2,,1,,,,2,1,2,6,,3,,,40.760803222656,-111.89109802246,-1,
R_0wkfh2tdE5vfI0Z,Default Response Set,Anonymous,,,98.155.150.51,0,2014-12-02 20:30:40,2014-12-02 20:34:17,1,1,polical ,choice,vote,inclusive,decisive,final,modern,progressive,government,voice,,,,,,,,,,,,,1,1,,,,,,,1,,,,,,1,,,,,,,,,0,4,0,3,,,0,5,0,1,0,2,,,,,,,,,,,,,,,2,,1,,,,3,1,1,6,,5,,,21.326705932617,-157.81669616699,-1,
R_agDgtCSefdK4S2h,Default Response Set,Anonymous,,,162.195.226.242,0,2014-12-02 20:24:19,2014-12-02 20:34:37,1,1,freedom,guns,money,liberal,drugs,beer,picnics,broadcasting,convention,speech,congress,,,,,,,,,,,,,,,,,,,,,,,,,,,,,,,,,,,,,,,0,1,,,0,5,0,2,0,4,0,3,,,,,,,,,,,2,,1,,,,1,3,1,6,,2,,,37.332305908203,-95.261199951172,-1,
R_8IgmAPO4XmZkknP,Default Response Set,Anonymous,,,98.69.170.62,0,2014-12-02 20:32:34,2014-12-02 20:34:59,1,1,vote,freedom,president,congress,legislative,supreme court,,,,,,,,,,,,,,,,,,,,,,,,,,,,,,,1,,,,,,,,,0,4,0,3,,,0,5,,,0,1,,,,,,,0,2,,,,,,,2,,1,,,,4,4,2,6,,5,,,35.772094726562,-78.638603210449,-1,
R_cCJ12hu7rJRUZh3,Default Response Set,Anonymous,,,68.199.13.3,0,2014-12-02 20:28:52,2014-12-02 20:35:02,1,1,freedom,vote,choice,fair,fair government,free speech,USA,,,,,,,,,,,,,,,1,,,,,,1,,,,,,,,,,0,3,,,,,,,0,2,0,4,0,5,,,,,0,1,,,,,,,,,,,,,,,1,Russian,,1,1,1,3,3,2,6,,3,,,40.85969543457,-74.402603149414,-1,
R_a48YEv5KwI3ghV3,Default Response Set,Anonymous,,,99.153.249.178,0,2014-12-02 20:29:58,2014-12-02 20:35:16,1,1,Western countries,The people,America,Voting,Freedom,Not based on royalty,Human rights,Equalness,,,,,,,,,,,,,,,1,1,,,,,,,,,,1,1,,,,,,,,,,,0,4,,,0,3,0,1,,,0,2,,,0,5,,,,,,,,,,,1,"Spanish, Korean",,,1,1,3,2,2,3,,5,,N/A,34.169296264648,-118.26629638672,-1,
R_50laBOqpRmTGrE9,Default Response Set,Anonymous,,,74.111.185.211,0,2014-12-02 20:29:27,2014-12-02 20:35:19,1,1,freedom,free trade,election,responsibility,justice,achievment,admiration,equality,rights,education,,,,,,,,,,,,,,,,,,,,,,,,,,1,1,,,,,,,,,0,1,,,0,5,,,0,2,0,4,,,0,3,,,,,,,,,,,1,Russian,,1,1,1,2,4,1,6,,6,,no comments,40.430999755859,-79.922698974609,-1,
R_6ziGqHfTV1vxjqB,Default Response Set,Anonymous,,,50.160.132.66,0,2014-12-02 20:30:38,2014-12-02 20:35:26,1,1,politics,power,elections,officials,vote,veto,overthrow,equality,people,rules,representatives,rights,corrupt,institutions,future,system,america,,,,,,,,,,,,,,,,1,,,,,,,,,,,,,0,2,0,4,0,5,0,1,0,3,,,,,,,,,,,,,,,,,2,,,,1,,1,2,2,3,,4,,none,33.811004638672,-84.286903381348,-1,
R_3jXKjVjyojenixT,Default Response Set,Anonymous,,,69.47.78.174,0,2014-12-02 20:28:54,2014-12-02 20:35:32,1,1,freedon,government,constitution,capitalism,voice,choice,,,,,,,,,,,,,,,,1,,,,,,,,,,,,,,,1,,,,,,,0,2,0,5,0,4,0,1,,,,,,,,,,,,,0,3,,,,,,,1,Polish,,,1,1,4,3,2,6,,5,,,42.052505493164,-87.890602111816,-1,
R_cPaAfftRJVpUmix,Default Response Set,Anonymous,,,157.62.5.1,0,2014-12-02 20:32:41,2014-12-02 20:35:34,1,1,voting,voices,obama,america,washington,thanksgiving,,,,,,,,,,,,,,,,,,,,,,,,,,,,,1,,,,,,,,,0,3,,,,,,,0,2,0,4,0,5,,,0,1,,,,,,,,,,,2,,1,,,,2,1,1,6,,3,,,41.82080078125,-77.075202941895,-1,
R_1OccFP57Scek5il,Default Response Set,Anonymous,,,173.238.69.146,0,2014-12-02 20:29:48,2014-12-02 20:35:38,1,1,freedom,usa,voting,free speech,opportunity,happiness,elections,,,,,,,,,,,,,,,1,,,,,,,,,,,,,,,,,,,,,,,,0,5,0,1,0,4,,,0,3,,,,,0,2,,,,,,,,,,,2,,,,1,,2,4,2,6,,3,,,42.884506225586,-78.939796447754,-1,
R_5dULYFIj4XOoVsp,Default Response Set,Anonymous,,,173.245.67.71,0,2014-12-02 20:32:17,2014-12-02 20:35:38,1,1,social equality,egalitarianism,classlessness,freedom,government,emancipation,,,,,,,,,,,,,,,,,,,,,,,,,,,1,,,,,,,,,0,5,,,,,,,,,0,1,0,2,,,,,0,3,,,,,0,4,,,,,2,,1,,,,1,1,2,7,,3,,,37.372100830078,-121.86430358887,-1,
R_eyRUcAlhUYewqoJ,Default Response Set,Anonymous,,,139.147.28.66,0,2014-12-02 20:32:44,2014-12-02 20:35:38,1,1,freedom,politics,elections,people,government,,,,,,,,,,,,,,,,,,,,,,,,,,,,,,,1,1,,,,,,,,,,,0,2,,,,,0,4,0,5,,,0,3,,,0,1,,,,,,,2,,1,1,,,5,1,1,6,,2,,,40.641494750977,-75.227600097656,-1,
R_0CEMyUgDULD16tv,Default Response Set,Anonymous,,,74.78.222.0,0,2014-12-02 20:24:11,2014-12-02 20:35:40,1,1,representative,aspiration,freedom,by the people,for the people,liberty,government,indirect or direct,Athens,voting,citizenship,rights,15th Ammendment,equality,election,republic,legislation,congress,3 branches of government,civil rights,,,,,,,,,,,,,,,,,,,,,,,,,,,,0,2,0,5,0,1,,,0,4,,,,,,,0,3,,,,,,,2,,,,,1,3,4,2,6,,5,,,43.009002685547,-76.155097961426,-1,
R_3WXTgGvqjeHrssR,Default Response Set,Anonymous,,,23.126.144.134,0,2014-12-02 20:33:55,2014-12-02 20:35:46,1,1,Freedom,Rights,USA,Ancient Rome,President,Opinions,,,,,,,,,,,,,,,,,,,,,,,,,,,,,,1,,0,4,0,3,,,,,,,,,0,1,0,5,0,2,,,,,,,,,,,,,,,,,2,,1,,,,1,1,2,6,,2,,,44.245300292969,-88.364799499512,-1,
R_dhGyOvwMJ8259kh,Default Response Set,Anonymous,,,68.50.254.206,0,2014-12-02 20:29:58,2014-12-02 20:35:48,1,1,Unfair,Narrow,Untrue,Political,Planned,Propaganda ,Misleading,Debate,False,Lie,Effect,Jurisdiction,Rumor,Politics,Government,State,US,No,Avoid,Committee,1,1,1,1,,1,,1,1,,,1,1,1,1,,,,,,,,,,,0,2,,,0,5,,,,,0,1,0,4,,,,,,,,,,,0,3,2,,1,,,,4,2,2,2,,3,,Thank you,38.891204833984,-76.895301818848,-1,
R_1BWwRz2nBu2G3L7,Default Response Set,Anonymous,,,67.172.86.131,0,2014-12-02 20:32:59,2014-12-02 20:35:51,1,1,politics,voting,fairness,human rights,humanity,,,,,,,,,,,,,,,,,,,,,,,,,,,,,,,1,1,,,0,3,,,,,0,5,,,,,,,0,2,,,,,0,1,,,,,0,4,,,,,2,,1,,,,3,1,2,6,,5,,,42.272994995117,-83.599403381348,-1,
R_81Vx6CA3KbQiZVP,Default Response Set,Anonymous,,,99.186.50.237,0,2014-12-02 20:32:39,2014-12-02 20:35:52,1,1,freedom,united states,home,family,sacrifice,honor ,commitment,loyalty,patriotism,,,,,,,,,,,,1,,1,1,1,,1,1,1,,1,1,,1,1,,1,,,0,5,,,,,,,0,2,,,,,,,0,1,,,,,0,3,,,,,0,4,,,2,,1,,,,5,3,1,6,,5,,,39.863906860352,-83.120101928711,-1,
R_4OZ5FWecDo3Lrut,Default Response Set,Anonymous,,,162.205.62.213,0,2014-12-02 20:33:24,2014-12-02 20:35:55,1,1,teamwork,leadership,ideas,new concepts,accomplishments,,,,,,,,,,,,,,,,1,,,,,,,,,,,,1,,,,,,,,,0,5,,,,,,,0,4,0,1,0,2,,,,,0,3,,,,,,,,,,,2,,1,,,,3,3,2,6,,5,,,39.892807006836,-82.958801269531,-1,
R_4Zn47sNig4au34h,Default Response Set,Anonymous,,,186.149.170.107,0,2014-12-02 20:22:38,2014-12-02 20:36:02,1,1,recognition of minorities,diffusion of power,government by the people,equality in voting ,"free, fair, frequent elections",important public decisions on law and policy by public opinion, different groups  entitled to compete for elections,,,,,,,,,,,,,,,,,,,,,,,,,,,,,1,1,,,,,,,,,0,5,,,,,0,2,0,3,0,4,,,0,1,,,,,,,,,,,1,french,1,,,,3,2,2,6,,6,,,18.466705322266,-69.900001525879,-1,
R_6JVqTsWISAsx6yV,Default Response Set,Anonymous,,,23.242.118.134,0,2014-12-02 20:30:20,2014-12-02 20:36:16,1,1,freedom,justice,equality,fairness,negotiations,,,,,,,,,,,,,,,,,,,,,,,,,,,,,,,1,,0,5,0,1,,,,,,,,,,,0,2,,,0,4,,,0,3,,,,,,,,,,,2,,1,,,,1,3,1,1,,3,,no comment,33.874801635742,-118.24060058594,-1,
R_0kSehKLLoL3xv01,Default Response Set,Anonymous,,,173.89.174.217,0,2014-12-02 20:28:52,2014-12-02 20:36:16,1,1,Government,Dictatorship,Liberty,Socialism,Democrat,Politics,Republican,Communism,United States,Monarchy,,,,,,,,,,,,,,,,,,,,,1,,1,,1,1,,0,5,,,,,,,,,0,4,,,,,0,3,0,1,,,0,2,,,,,,,,,,,2,,1,,,,3,3,1,6,,5,,Thank you!,41.793197631836,-81.057800292969,-1,
R_eS6LiKkegUyQC8Z,Default Response Set,Anonymous,,,74.32.126.43,0,2014-12-02 20:32:41,2014-12-02 20:36:22,1,1,freedom,equality,laws,government,elections,free speech,free religion,freedom to get an education,freedom to earn unlimited amount of money,,,,,,,,,,,,,1,,,,,,,,,,,,,,,,,,,,,,,,0,4,0,3,,,,,0,5,0,1,,,,,,,0,2,,,,,,,2,,1,,,,3,4,2,6,,5,,,42.241302490234,-76.482696533203,-1,
R_d6XGCjDbQV6RZxX,Default Response Set,Anonymous,,,173.80.95.138,0,2014-12-02 20:28:38,2014-12-02 20:36:23,1,1,America,Freedom,Vote,Congress,President,Judicial,Free Markets,Constitution,,,,,,,,,,,,,,1,,,,,,,,,,,,,,,,0,5,,,,,,,0,2,,,0,3,,,,,0,4,,,,,,,0,1,,,,,,,2,,1,,,,2,4,1,6,,3,,,38.048797607422,-81.146202087402,-1,
R_1M5yUbquuH32CLb,Default Response Set,Anonymous,,,172.243.73.248,0,2014-12-02 20:31:33,2014-12-02 20:36:24,1,1,one,togetherness,people,voting,rights,laws,helping,kindness,president,bills,codes,,,,,,,,,,,1,,,,,,,,,,,,,1,,1,,,,,,,,,,,0,2,0,5,0,1,,,0,3,,,,,,,0,4,,,,,,,2,,,,,1,4,3,2,6,,5,,,39.75959777832,-87.169898986816,-1,
R_1S08Ztk8hhYLwup,Default Response Set,Anonymous,,,69.228.83.8,0,2014-12-02 20:33:56,2014-12-02 20:36:28,1,1,america,freedom,red white and blue,equality,social mobility,rights,,,,,,,,,,,,,,,,1,,,,,,,,,,,,,,,,,,,,,,,,0,3,0,1,0,2,0,5,,,0,4,,,,,,,,,,,,,,,1,,,,1,1,2,1,1,3,,5,,,37.77490234375,-122.41940307617,-1,
R_eG5TktoitPavuWV,Default Response Set,Anonymous,,,68.184.193.143,0,2014-12-02 20:30:43,2014-12-02 20:36:33,1,1,equality,voice,elections,leader,constituency,issues,voting,,,,,,,,,,,,,,,,,,,,,,,,,,,,,1,,,,,,,,,,0,3,,,,,0,5,0,1,0,2,,,0,4,,,,,,,,,,,2,,1,,,,2,2,2,1,,5,,This was a great survey!,38.625305175781,-90.269401550293,-1,
R_1HomLmSNG7W8IgR,Default Response Set,Anonymous,,,98.219.31.149,0,2014-12-02 20:31:13,2014-12-02 20:36:38,1,1,republic,USA,freedom,Greeks gave us democracy,vote,majority,,,,,,,,,,,,,,,,1,,,,,,,,,,,,,,1,,,,,,,,,,0,2,0,4,,,,,,,,,0,1,0,3,,,0,5,,,,,,,2,,1,,,,2,2,1,6,,5,,,33.905807495117,-84.180297851562,-1,
R_bHoBIOn7jcc35w9,Default Response Set,Anonymous,,,68.98.45.200,0,2014-12-02 20:32:41,2014-12-02 20:36:39,1,1,attempt to be fair,easily corrupt,hijacked,bad for the complacant,american ideal,western concept,"isn't perfect, needs work",,,,,,,,,,,,,,,,,,,,1,,,,,,,,,,,,,,,,,,,0,1,,,,,,,0,4,,,,,0,2,0,3,,,,,0,5,,,2,,1,,,,2,2,1,6,,5,,,32.217300415039,-110.7553024292,-1,
R_enD9kQBa0K00RBX,Default Response Set,Anonymous,,,172.56.21.215,0,2014-12-02 20:32:55,2014-12-02 20:36:51,1,1,Corruption ,No freedom ,Worthless ,Dishonesty ,Unruly ,,,,,,,,,,,,,,,,,1,1,,1,1,1,1,1,1,,1,,,,,,0,1,,,,,,,,,,,,,,,,,,,0,4,,,0,2,,,0,3,0,5,,,2,,1,,,,1,1,2,7,,2,,,38,-97,-1,
R_0CzRGOABNK7u4UB,Default Response Set,Anonymous,,,184.98.130.51,0,2014-12-02 20:30:21,2014-12-02 20:36:53,1,1,United States,people,constitution,voting,fair,peaceful,reverent,nation,Washington D.C.,forefathers,President,Senate,Congress,,,,,,,,,1,,,,,,,,,,,,,1,,,,,,,,,,,0,4,,,0,5,,,0,3,0,1,,,,,,,0,2,,,,,,,2,,1,,,,1,5,2,6,,6,,none,33.509201049805,-111.8990020752,-1,
R_5vTMAITZoWqwy3z,Default Response Set,Anonymous,,,168.26.221.190,0,2014-12-02 20:33:36,2014-12-02 20:36:56,1,1,politics,voting,voicing,obama,blue,,,,,,,,,,,,,,,,,,1,1,1,1,1,1,1,,,1,,1,,,,0,2,,,,,,,,,,,,,,,,,0,1,0,5,,,0,4,,,0,3,,,,,2,,,,1,1,3,2,1,6,,3,,na,32.481399536133,-84.903297424316,-1,
R_cwgJsE4NjWM4LUp,Default Response Set,Anonymous,,,96.246.248.18,0,2014-12-02 20:30:10,2014-12-02 20:36:59,1,1,freedom,choice,voting,elections,USA,,,,,,,,,,,,,,,,,,,,,,,,,,,,,,,,,0,5,,,,,0,4,0,3,,,,,,,,,0,2,,,,,,,0,1,,,,,,,1,Spanish,,,1,1,1,3,2,4,,5,,,40.735397338867,-73.878303527832,-1,
R_bBMHjQOSkCGz5qt,Default Response Set,Anonymous,,,96.41.43.211,0,2014-12-02 20:34:27,2014-12-02 20:37:12,1,1,democrats,republicans,independents,politics,voting,america,rights,laws,,,,,,,,,,,,,,,,,,,,,,,,,,,,,1,,,,,,,,,,,,,0,5,0,1,0,4,0,2,0,3,,,,,,,,,,,,,2,,1,,,,1,1,2,6,,3,,,33.781600952148,-118.18589782715,-1,
R_9WUIR6sYrYGtGaV,Default Response Set,Anonymous,,,76.107.108.153,0,2014-12-02 20:33:32,2014-12-02 20:37:15,1,1,votes,legislature,politics,polls,president,ballot,veto,,,,,,,,,,,,,,1,1,,,,,,,,,,,,,,1,,,,,,,,0,4,0,3,,,0,5,,,,,,,,,0,2,,,0,1,,,,,,,2,,,1,,,1,4,1,6,,3,,,32.239807128906,-90.266098022461,-1,
R_0Pdnwi0xwdK9anj,Default Response Set,Anonymous,,,24.136.26.205,0,2014-12-02 20:34:35,2014-12-02 20:37:18,1,1,freedom,west,Greek,voting,ballot,majority,,,,,,,,,,,,,,,1,1,1,,,,,,,1,,,1,,1,,1,,,,,,,0,4,0,1,0,5,0,2,,,0,3,,,,,,,,,,,,,,,,,1,Mandarin,1,,1,1,3,1,1,3,,5,,,41.955993652344,-87.660697937012,-1,
R_ebzgFvgx8Wen4UZ,Default Response Set,Anonymous,,,75.63.25.219,0,2014-12-02 20:33:44,2014-12-02 20:37:31,1,1,strong,weak,simple,complex,necessary,voting,choices,decisions,mean,kind,fair,unfair,interesting,old,new,power,society,government,lasting,problems,,,,,,,,,,,,,,,,1,,,,,,,,,,,,0,3,,,0,1,,,0,4,0,2,,,,,,,0,5,,,,,2,,1,,,,4,2,2,4,,3,,no,33.71989440918,-117.90319824219,-1,
R_0Td0RLya54tb4RD,Default Response Set,Anonymous,,,74.140.190.147,0,2014-12-02 20:34:38,2014-12-02 20:37:37,1,1,freedom of speech,freedom to buy products/consume,vote in elections,have separation of church and state,elect leaders to represent us,equal representation based on populus,living in capitalism,working hard,,,,,,,,,,,,,,1,,,,,,,,,,,,,,1,,0,5,,,,,,,0,4,,,0,2,,,,,0,1,,,,,,,0,3,,,,,,,2,,1,,,,2,2,2,6,,2,,none,39.086303710938,-84.016998291016,-1,
R_cMbk4KFISHIW8kZ,Default Response Set,Anonymous,,,50.169.248.134,0,2014-12-02 20:34:42,2014-12-02 20:37:44,1,1,equality ,liberty,voting,representation,justice,accountability,,,,,,,,,,,,,,,1,,,,,,,,,,,,,,,1,1,,,,,,,,,,,,,,,0,1,0,4,0,3,,,0,2,0,5,,,,,,,,,2,,1,,,,1,2,1,6,,5,,,43.234497070312,-71.52269744873,-1,
R_cMiNBvSgpMTxB8p,Default Response Set,Anonymous,,,69.14.207.173,0,2014-12-02 20:33:26,2014-12-02 20:38:03,1,1,voting,separation of power,peaceful,not corrupt,fairness,representative,,,,,,,,,,,,,,,,,,,,,,1,,,,,,,1,,1,,,,,,,0,3,0,1,0,2,,,,,0,5,,,,,0,4,,,,,,,,,,,2,,,,,1,4,2,1,6,,6,,,42.505294799805,-83.105201721191,-1,
R_0VubZSf90Mjgsnj,Default Response Set,Anonymous,,,24.27.59.243,0,2014-12-02 20:32:23,2014-12-02 20:38:14,1,1,Equal,Voting,Rights,Freedom,Group,Connected,Team,,,,,,,,,,,,,,,,,,,,,,,,,,,,,1,,,,,,,,,,,,0,4,0,5,0,1,0,2,,,,,0,3,,,,,,,,,,,2,,1,,,,3,4,2,6,,5,,Thank you for sharing your experiment!,30.532104492188,-97.72859954834,-1,
R_5thobQ39knos2gt,Default Response Set,Anonymous,,,68.254.160.9,0,2014-12-02 20:33:26,2014-12-02 20:38:17,1,1,expensive campaigns,money related scandals,special interests,public voice,voting,,,,,,,,,,,,,,,,1,1,1,,,,,1,,,1,1,1,1,1,1,1,,,,,,,0,2,0,1,0,3,0,4,,,0,5,,,,,,,,,,,,,,,,,2,,1,,,,1,2,1,6,,2,,,43.03889465332,-87.90650177002,-1,
R_3WxuQScQ0IpgVo1,Default Response Set,Anonymous,,,98.93.231.218,0,2014-12-02 20:33:35,2014-12-02 20:38:17,1,1,freedom,government by the people,representation,voting,elections,level playing field,majority rule,oversight,ballots,working together,collaboration,mutual benefits,,,,,,,,,1,1,1,,,,,,,,,,,,1,,1,,,,,,,,,0,3,0,2,0,1,0,4,0,5,,,,,,,,,,,,,,,,,2,,1,,,,1,2,1,6,,5,,Everything in the survey was very clear and straightforward. No problems here.,37.774200439453,-87.113296508789,-1,
R_4IrYSgMYI4tRQZ7,Default Response Set,Anonymous,,,72.207.103.13,0,2014-12-02 20:33:08,2014-12-02 20:38:22,1,1,majority,freedom,fair,inclusive,open,representative,election,politics,government,meritocracy,,,,,,,,,,,,1,,,,,,,,,,,,,,,,,,,,,,,,0,2,0,5,,,,,0,3,0,4,,,0,1,,,,,,,,,,,2,,1,,,,2,2,1,6,,3,,,32.715301513672,-117.15730285645,-1,
R_87Yr1sTYgyVlOEB,Default Response Set,Anonymous,,,65.102.40.204,0,2014-12-02 20:33:15,2014-12-02 20:38:25,1,1,broken system,people in charge,government for the people,freedom,citizens with rights,,,,,,,,,,,,,,,,1,1,1,1,,,,,,,,,,,1,1,,,,,,,,,,,,,,0,1,,,,,0,3,0,4,0,5,,,0,2,,,,,,,2,,1,,,,1,4,1,6,,3,,,45.638702392578,-122.66149902344,-1,
R_1TjwPFeRD7wJHvv,Default Response Set,Anonymous,,,172.248.206.137,0,2014-12-02 20:32:35,2014-12-02 20:38:29,1,1,government,politics,voting,direct,democratic republic,,,,,,,,,,,,,,,,,1,1,,,,,,,,,,,,1,1,1,,,,,,,0,3,0,5,0,2,,,0,1,0,4,,,,,,,,,,,,,,,,,1,spanish,,,1,1,1,1,1,4,,1,,enjoyed the survey thank you,33.912902832031,-118.34390258789,-1,
R_1SoTZUFKPhFza8l,Default Response Set,Anonymous,,,184.90.161.66,0,2014-12-02 20:32:07,2014-12-02 20:38:30,1,1,freedom,equality,liberty,justice,concensus,vote,election,,,,,,,,,,,,,,,,,,,,,,,,,,,,1,1,1,,,0,5,,,,,,,0,2,,,0,1,,,0,4,,,0,3,,,,,,,,,,,2,,,,,1,3,4,2,1,,5,,,28.830093383789,-81.361801147461,-1,
R_6KKRyCo01SvNEnH,Default Response Set,Anonymous,,,173.80.240.8,0,2014-12-02 20:32:51,2014-12-02 20:38:33,1,1,freedom,United States,politics,liberties,ownership,Americans,Big Business,Super Power,United,,,,,,,,,,,,1,1,,,,,,,,,,,,,,,,,,,,,,,,,,,,,,0,4,0,1,0,3,,,0,2,,,,,,,,,0,5,2,,1,,,,2,4,2,2,,3,,,37.976104736328,-81.139701843262,-1,
R_0CDvaHHGUmP1URD,Default Response Set,Anonymous,,,50.164.29.8,0,2014-12-02 20:34:29,2014-12-02 20:38:34,1,1,freedom,election,representatives,voting,senate,government,"by the people, for the people",independence,electoral college,senate,house of representatives,washington dc,the Capitol,the American flag,,,,,,,,,,,,,,,,,,,,,,1,,,,,,,,,,0,4,0,3,0,5,0,1,0,2,,,,,,,,,,,,,,,,,2,,1,,,,2,2,2,6,,3,,Thank you!,40.659698486328,-78.241600036621,-1,
R_b7WG3UGLjTEuNeJ,Default Response Set,Anonymous,,,12.205.252.65,0,2014-12-02 20:34:13,2014-12-02 20:38:37,1,1,equality,freedom,your voice matters,system,government,rules,chance to make a difference,,,,,,,,,,,,,,,1,,,,,,,,,1,,,,,,,,,,,0,5,,,,,,,0,3,0,1,0,2,,,,,0,4,,,,,,,,,,,2,,1,,,,1,2,2,6,,5,,,36.786407470703,-84.47200012207,-1,
R_0Sw3QCm3wTUwnUV,Default Response Set,Anonymous,,,50.46.197.65,0,2014-12-02 20:33:15,2014-12-02 20:38:37,1,1,freedom,justice,fairness,The people,voting,government,equality,right,,,,,,,,,,,,,1,,,,,,,,,,,,,,1,1,1,,,,,,,,,0,5,0,3,,,0,1,0,2,,,0,4,,,,,,,,,,,,,2,,,,1,1,3,1,1,3,,5,,,47.738494873047,-122.37480163574,-1,
R_6tnyUUeP23IAYgR,Default Response Set,Anonymous,,,24.254.46.165,0,2014-12-02 20:30:25,2014-12-02 20:38:39,1,1,fair,prosperous,anti-corporatist,equal opportunity,civil rights,American Dream,anyone can suceed,Monopolies are illegal,voting rights,opportunity,justice,fair laws that protect the people,surveillance state would not be tolerated ,respect,continued job growth,,,,,,,,,,,,,,,,,,,,,,,,,,,,,,,0,4,,,0,5,,,0,3,0,1,,,0,2,,,,,,,,,,,1,Cajun,1,,,,1,3,2,6,,3,,"Interesting survey, thanks!  I wish I could have put more than 5 items in the box!",30.188201904297,-91.324096679688,-1,
R_9zOmPZY0sSMpVNb,Default Response Set,Anonymous,,,76.181.89.175,0,2014-12-02 20:34:24,2014-12-02 20:38:42,1,1,Freedom,Choice,Group,Thought,Responsibility,Security,Safety,,,,,,,,,,,,,,1,1,1,,,,,,,,,,1,,,1,1,,,,,,,,,,,0,5,0,1,0,2,,,,,,,0,4,,,,,0,3,,,,,2,,1,,,,3,1,1,6,,3,,,39.99299621582,-82.998497009277,-1,
R_0qBTwOWEd7HnVxb,Default Response Set,Anonymous,,,65.7.12.160,0,2014-12-02 20:28:52,2014-12-02 20:38:44,1,1,gridlock,gerrymandering,we need a parliamentary system,political action committees,citizens united vs. federal election commission,voter i.d.,voter suppression,we need  term limits,why do i bother voting,we need mandatory voting,the worst system except for all the others,,,,,,,,,,,,,,,,,,,,,,,,,,,,,,,,,,,0,1,0,2,0,4,,,0,5,0,3,,,,,,,,,,,,,,,2,,1,,,,3,4,1,1,,5,,,34.828704833984,-88.210800170898,-1,
R_ey4Wh1st57NOqmF,Default Response Set,Anonymous,,,66.66.98.205,0,2014-12-02 20:36:46,2014-12-02 20:38:46,1,1,freedom,voting,everybody has a say,majority rules,empowerment,elections,,,,,,,,,,,,,,,,1,,,,,,,,,,,1,,1,1,1,,,,,,,,,0,5,0,3,,,,,0,1,0,4,,,,,,,0,2,,,,,,,2,,1,,,,3,2,1,6,,5,,,43.216598510742,-78.058403015137,-1,
R_3F4uANXt3hgmW3P,Default Response Set,Anonymous,,,174.26.2.238,0,2014-12-02 20:34:11,2014-12-02 20:38:49,1,1,freedom,happiness,fair,pleasant,wonderful,,,,,,,,,,,,,,,,,,,,,,,,,,,,,,,1,,,,,,,,0,4,,,0,3,0,5,,,0,2,,,0,1,,,,,,,,,,,,,1,Indonesian and Spanish,,1,,,3,4,2,3,,5,,,33.448394775391,-112.07399749756,-1,
R_0lfPs98cHfJbz5H,Default Response Set,Anonymous,,,72.185.23.235,0,2014-12-02 20:31:35,2014-12-02 20:38:58,1,1,choice,freedom,"a voice, a say in the system",open mindedness,debate,civility,equality,for the people by the people,,,,,,,,,,,,,1,1,1,1,,,,,,,1,1,,,1,1,1,,,,,,,,,0,2,0,3,,,0,4,0,5,0,1,,,,,,,,,,,,,,,2,,,,1,,1,3,1,7,,5,,,28.934494018555,-82.472297668457,-1,
R_88q5pDIwbv3i4zX,Default Response Set,Anonymous,,,108.167.12.188,0,2014-12-02 20:35:52,2014-12-02 20:39:00,1,1,voting,booth,stickers,wars,polls,congress,united states,communism,,,,,,,,,,,,,1,1,1,1,,,,,1,1,1,1,1,1,,1,1,,,,,,,,,0,2,0,1,0,3,0,5,,,,,,,,,,,,,0,4,,,,,2,,1,,,,1,2,1,6,,3,,,40.779602050781,-96.700103759766,-1,
R_3V0ueco4zqjSGeV,Default Response Set,Anonymous,,,209.74.114.35,0,2014-12-02 20:34:20,2014-12-02 20:39:01,1,1,people,choice,vote,risky,politics,lobbying,popular,,,,,,,,,,,,,,,,,,,,,,,,,,,,1,,1,0,1,,,0,4,,,,,,,0,2,,,0,5,,,,,0,3,,,,,,,,,,,2,,,,,1,2,2,1,6,,5,,,42.518600463867,-85.384201049805,-1,
R_blpTImqLM4PiZzT,Default Response Set,Anonymous,,,107.141.26.161,0,2014-12-02 20:31:14,2014-12-02 20:39:03,1,1,RIGHTS,VOTING,REPRESENTATION,EQUALITY,GOVERNMENT,SENATE,HOUSE OF REPRESENTATIVES,CONSTITUTION,FOUNDING FATHERS,PLEDGE OF ALLEGIANCE,,,,,,,,,,,,,,,,,,,,,,,,,,1,,0,5,,,,,,,0,4,,,0,2,,,,,0,3,,,,,,,0,1,,,,,,,2,,1,,,,4,4,2,6,,5,,,33.176895141602,-96.698501586914,-1,
R_cvuUUfAz7ap09Dv,Default Response Set,Anonymous,,,69.204.153.224,0,2014-12-02 20:25:56,2014-12-02 20:39:09,1,1,Change,Freedom,Obama,Hope,Truth,People,Live,Choice,,,,,,,,,,,,,1,,1,,,,,,,,,,,,,,,,,,,,,,,,,0,4,0,5,,,0,3,0,2,,,0,1,,,,,,,,,,,2,,,,,1,1,1,2,6,,2,,,43.547103881836,-73.727203369141,-1,
R_cYoIIsDTsU03Jtz,Default Response Set,Anonymous,,,98.214.27.207,0,2014-12-02 20:34:14,2014-12-02 20:39:13,1,1,freedom,voting,usa,capitalism,religious freedom,opportunity,liberty,persuit of happiness,,,,,,,,,,,,,,1,,,,,,,,,,,,,,,,,,,,,,,,0,5,0,4,,,,,0,3,0,2,,,,,,,0,1,,,,,,,2,,1,,,,2,5,1,6,,4,,,42.323806762695,-89.621803283691,-1,
R_eQhsiDwGaOPsLVH,Default Response Set,Anonymous,,,107.134.20.155,0,2014-12-02 20:34:17,2014-12-02 20:39:13,1,1,voting,liberty,freedom,concensus,representation,government,grassroots,politics,gerrymandering,,,,,,,,,,,,1,1,1,,,,,,,,,,,,,1,1,,,,,,,,,0,1,,,0,2,,,0,4,0,3,,,0,5,,,,,,,,,,,2,,1,,,,2,3,2,6,,7,,Interesting study. It is making me think more about my personal ideas about democracy. Thanks.,35.811599731445,-78.646003723145,-1,
R_9NdB2QkO1s7QTIN,Default Response Set,Anonymous,,,50.81.101.9,0,2014-12-02 20:34:00,2014-12-02 20:39:27,1,1,governement,laws,constitution,presidents,America,Courts,senate,,,,,,,,,,,,,,,1,,,,,,,,,,,1,,1,1,1,,,,,,,,,,,,,0,5,0,2,,,,,0,4,0,3,,,0,1,,,,,,,2,,,,,1,1,1,1,6,,3,,,30.417007446289,-87.449699401855,-1,
R_db904nKba2pG1SJ,Default Response Set,Anonymous,,,74.83.39.21,0,2014-12-02 20:32:10,2014-12-02 20:39:51,1,1,freedom,justice,balance,fairness,captialism,equality,integrity,,,,,,,,,,,,,,1,,,,,,,,,,,,,,1,,,,,,,,,,,0,5,0,4,,,0,1,0,3,0,2,,,,,,,,,,,,,,,2,,1,,,,2,2,1,6,,4,,,39.337600708008,-84.404403686523,-1,
R_2t151n8hpn8Svxr,Default Response Set,Anonymous,,,173.69.23.28,0,2014-12-02 20:32:27,2014-12-02 20:40:21,1,1,freedom of speech,freedom of press,freedom to vote,equal rights,no discrimination ,government by the people,,,,,,,,,,,,,,,,,,,,,,,,,,,1,,,,,,,,,,,,,,,,,,,,,0,5,0,2,,,0,1,,,0,4,,,,,0,3,2,,,1,1,,2,4,2,6,,2,,,41.700805664062,-71.392196655273,-1,
R_07oCUsR0687xLUh,Default Response Set,Anonymous,,,67.249.38.148,0,2014-12-02 20:34:44,2014-12-02 20:40:24,1,1,voting,representation,majority,campaigns,advertisements,Athens,West,America,elections,propositions,lobbying,,,,,,,,,,,1,,,,,,,,,,,,,,,1,,,,,,,0,3,0,2,0,1,0,4,,,,,,,,,,,,,,,,,0,5,,,2,,1,,,,2,3,1,6,,2,,,42.912902832031,-76.565902709961,-1,
R_bfQBzbLK2DsOf9b,Default Response Set,Anonymous,,,172.6.254.61,0,2014-12-02 20:37:12,2014-12-02 20:40:34,1,1,Freedom,Choice,Equality ,Happiness ,Independence,America,,,,,,,,,,,,,,,,,,1,,,,,,,,,,,,,1,,,0,4,,,,,,,,,0,5,0,3,0,2,,,,,0,1,,,,,,,,,,,2,,1,,,,2,2,1,6,,3,,,27.598693847656,-80.463302612305,-1,
R_6nulqdXTM1HzcJT,Default Response Set,Anonymous,,,71.209.14.17,0,2014-12-02 20:35:54,2014-12-02 20:40:36,1,1,voting,representation,freedom,politics,will of the people,,,,,,,,,,,,,,,,,1,,,,,,,,,,,,,,,,,,,,,,,,0,5,,,0,4,,,,,0,2,,,0,3,,,0,1,,,,,,,2,,1,,,,1,3,1,6,,2,,,43.613494873047,-116.20349884033,-1,
R_02M0viwNfanWjGJ,Default Response Set,Anonymous,,,24.119.123.181,0,2014-12-02 20:36:13,2014-12-02 20:40:38,1,1,rights ,choices,views,fair,good,freedom,,,,,,,,,,,,,,,1,,,,,,,,,,,,1,,1,,,,,,,,,,,,,,,0,4,0,1,,,0,2,,,0,5,,,0,3,,,,,,,2,,1,,,,2,2,2,6,,2,,,37.332305908203,-95.261199951172,-1,
R_1R06M2zTKpTEGY5,Default Response Set,Anonymous,,,74.199.103.137,0,2014-12-02 20:26:43,2014-12-02 20:40:46,1,1,government,citizens,voting,rights,politics,power,the people,freedom,equality,community,social,respect,unity, Democratic,constitution,justice,laws,institution,minorities,majorities,,,,,,,,,,,,,,,,1,,,,,,,,,,,,,,,,0,1,0,2,0,4,,,0,3,,,0,5,,,,,,,2,,1,,,,2,3,2,1,,2,,,42.375793457031,-83.280799865723,-1,
R_ewE8jVq3DVew9tr,Default Response Set,Anonymous,,,174.124.212.130,0,2014-12-02 20:34:13,2014-12-02 20:41:03,1,1,freedom,choices,elections,voting,representives,government ruled by the people,the people have a say,many people involved in decisions,,,,,,,,,,,,,,1,,,,,,,,,1,,,,,,,,,,,,,0,5,,,0,3,,,,,,,0,2,,,,,,,0,1,,,,,0,4,2,,,,,1,2,4,2,6,,3,,thanks,43.131805419922,-83.999099731445,-1,
R_cU60UQz13VWDIcB,Default Response Set,Anonymous,,,174.99.104.50,0,2014-12-02 20:34:39,2014-12-02 20:41:06,1,1,republic,freedom,power of the people,democrats,republicans,america,government,representative,majority,equal,,,,,,,,,,,,1,,,,,,,,,,,,,,1,,,,,,,,,,0,3,0,4,0,2,,,0,5,,,,,,,,,0,1,,,,,,,2,,1,,,,3,2,1,6,,3,,Thank you.,35.843002319336,-78.631103515625,-1,
R_4JlxcxdDBSFqOrP,Default Response Set,Anonymous,,,100.0.132.33,0,2014-12-02 20:35:35,2014-12-02 20:41:12,1,1,Voting,Government,Athens,Congress,Senate,Popular vote,Freedom,Politics,Power to the people,Representation,,,,,,,,,,,1,1,1,,,,,,,,,,,,,1,1,,,,,,,,,0,1,0,2,0,5,,,0,4,0,3,,,,,,,,,,,,,,,2,,,,,1,3,1,1,6,,5,,,42.270599365234,-71.847900390625,-1,
R_6KBpoP8OAkRVzUx,Default Response Set,Anonymous,,,98.109.156.228,0,2014-12-02 20:36:27,2014-12-02 20:41:18,1,1,liberating,freedom,human,civil rights,for the people,close to perfect,best we can get,functional,essential,universal,for everyone,,,,,,,,,,,1,,,,,,,,,,,,,,1,1,,,,,,,,,0,1,,,,,,,0,2,0,4,0,5,,,0,3,,,,,,,,,2,,1,,,,2,4,1,6,,2,,,40.85969543457,-74.402603149414,-1,
R_bCNaVTcdjW4d25L,Default Response Set,Anonymous,,,173.171.217.28,0,2014-12-02 20:39:17,2014-12-02 20:41:19,1,1,Freedom,Voting ,Equality ,Human Rights ,Privilege ,,,,,,,,,,,,,,,,,1,,,,,,,,,,,1,,,1,,,,,,,,,,,,0,3,,,0,4,,,0,1,0,2,,,,,0,5,,,,,,,1,,1,,,,1,2,2,6,,5,,None. Good luck with your project. ,27.871505737305,-82.654197692871,-1,
R_50EkBC67FSUCwPr,Default Response Set,Anonymous,,,66.81.29.231,0,2014-12-02 20:33:39,2014-12-02 20:41:33,1,1,freedom,together ,republic,liberty,justice,reasonable,communicative,access,demonstrate,commerce,council,city,arrow,ethnic,racy,,,,,,,1,,,,,,,,,,,,,,,,,,,,,,,,,,,,,,0,5,0,2,0,1,,,0,3,,,,,0,4,,,,,1,sign language,1,,1,,2,2,2,6,,4,,Nice survey!,37.678298950195,-120.95010375977,-1,
R_6tECLOJUl6PCs5v,Default Response Set,Anonymous,,,67.180.47.254,0,2014-12-02 20:37:51,2014-12-02 20:41:43,1,1,Freedom,Choice,Government,Voting,Elections,Involvement,America,Europe,Western,,,,,,,,,,,,1,1,,,,,,,,,,,,,,,1,,,,,,,0,3,0,4,0,1,0,2,,,,,0,5,,,,,,,,,,,,,,,2,,1,,,,1,2,1,6,,2,,,37.779098510742,-122.21580505371,-1,
R_etIfUVWz2YGo5IF,Default Response Set,Anonymous,,,12.38.36.19,0,2014-12-02 20:27:27,2014-12-02 20:41:55,1,1,government,equal,people,sucess,freedom,liberty,power,majority,votes ,vision,vpoices,rghts,fair,,,,,,,,,,1,,,,1,,,,,,1,,,1,,,,,,,,,,0,4,,,,,0,1,0,3,0,5,,,0,2,,,,,,,,,,,2,,1,,,,1,2,2,6,,3,,n/a,28.389892578125,-81.436599731445,-1,
R_e4fqaT3MK4ABkIR,Default Response Set,Anonymous,,,66.191.216.144,0,2014-12-02 20:34:32,2014-12-02 20:41:57,1,1,one person one vote,fair,representative,slow,in a rut,since ancient greece,dissapointing,,,,,,,,,,,,,,1,1,1,,,,,,1,1,1,1,1,,1,1,1,,,,,,,0,5,0,1,0,2,0,3,,,,,,,,,,,,,0,4,,,,,,,2,,1,,,,3,4,2,6,,5,,,35.64729309082,-82.551200866699,-1,
R_1M6dyvlt7tXLnNP,Default Response Set,Anonymous,,,107.140.88.206,0,2014-12-02 20:35:49,2014-12-02 20:43:17,1,1,choice,freedom,equality,rights,liberty,,,,,,,,,,,,,,,,,,,,,,,,,,,,,,,,1,,,,,,,,,,,,,,,0,5,0,2,0,1,,,0,3,,,0,4,,,,,,,1,Spanish,,,1,1,2,3,2,4,,4,,,33.893707275391,-118.29930114746,-1,
R_d6xvLwIHpYXnICF,Default Response Set,Anonymous,,,69.127.113.94,0,2014-12-02 20:40:23,2014-12-02 20:43:21,1,1,system,voting,majority,minority,equality,people rule,,,,,,,,,,,,,,,,,,,1,1,,1,,,,,,,,,,,,,,,,,,,,,,0,5,,,0,1,,,0,3,0,2,,,0,4,,,,,,,1,spanish,,,1,,2,1,1,4,,5,,,40.104598999023,-74.345901489258,-1,
R_0xjMJBsX7IL2oCh,Default Response Set,Anonymous,,,128.97.3.131,0,2014-12-02 20:41:23,2014-12-02 20:44:04,1,1,stupid,doesnt work,easily manipulated,voting in usa is worthless,2 party system is pointless,,,,,,,,,,,,,,,,,1,,,,,,,,,,,,,,,1,,,,,,,,,0,3,0,1,,,0,4,,,,,,,,,,,0,5,0,2,,,,,2,,,,1,,2,2,1,3,,7,,,33.786605834961,-118.29869842529,-1,
R_4N7CDlaIwuaGQIZ,Default Response Set,Anonymous,,,66.57.0.149,0,2014-12-02 20:32:52,2014-12-02 20:44:20,1,1,freedom,elections,citizens have the power,free speech,choice,fair,rights,,,,,,,,,,,,,,,1,,,,,,,,,,,,,,,,,,,,,,,,,,,,0,5,,,0,3,0,2,,,0,4,,,0,1,,,,,,,2,,1,,,,2,4,1,6,,3,,,35.887405395508,-78.750999450684,-1,
R_eJ17QUAJH9Lvrw1,Default Response Set,Anonymous,,,73.180.184.188,0,2014-12-02 20:43:11,2014-12-02 20:44:35,1,1,Everyone is equally repped by goverment. ,Fair gov,People in power,No elites,Fairness.,,,,,,,,,,,,,,,,,1,,,,,,,,,,,,,,,,,,,,,,0,3,,,,,,,,,0,5,0,2,,,0,1,,,,,0,4,,,,,2,,1,,,,1,2,2,6,,7,,None. ,38.955902099609,-76.945503234863,-1,
R_3qPZ0mxUVxoW2Pj,Default Response Set,Anonymous,,,70.178.138.184,0,2014-12-02 20:21:34,2014-12-02 20:44:43,1,1,Goverment,electoral system,rights,we the people, dishonest,choices, symbolic, corrupt,,,,,,,,,,,,,,1,,,,,,1,1,,,,,,,,,,,,,,,0,3,0,1,0,2,0,4,,,,,0,5,,,,,,,,,,,,,,,2,,1,,,,2,4,2,6,,4,,,35.483001708984,-94.346900939941,-1,
R_eV4TPXgJAah66JD,Default Response Set,Anonymous,,,98.30.48.137,0,2014-12-02 20:29:52,2014-12-02 20:45:00,1,1,judgement,based,togetherness,patronism,jurious,,,,,,,,,,,,,,,,1,,,,,,,,,,,,,,,,1,,,,,,,0,2,,,,,0,5,,,0,3,,,,,0,4,0,1,,,,,,,,,2,,1,,,,3,2,1,6,,4,,,41.022094726562,-83.678901672363,-1,
R_0TAfBP26lnUEMAJ,Default Response Set,Anonymous,,,75.102.175.65,0,2014-12-02 20:42:04,2014-12-02 20:46:10,1,1,freedom,choice,America,people,voices,liberty,,,,,,,,,,,,,,,,,,,,,,,,,,,,,,,1,,,,,,,,,,,0,5,,,0,4,0,3,0,1,,,0,2,,,,,,,,,,,2,,1,,,,2,2,1,6,,5,,,44.7001953125,-97.026496887207,-1,
R_3mI6EwiGtKuKixf,Default Response Set,Anonymous,,,66.81.29.231,0,2014-12-02 20:44:11,2014-12-02 20:46:53,1,1,freedom,justice,liberty,create,challenge,demo,demonstrate,council,city,dark,wide,,,,,,,,,,,1,,,,,,,,,,,,,,,,0,5,,,,,,,,,,,,,,,0,4,0,2,,,0,3,,,0,1,,,,,,,1,sign,1,,1,,2,2,2,6,,4,,,37.678298950195,-120.95010375977,-1,
R_4YKOTsm8cdEQCih,Default Response Set,Anonymous,,,184.75.213.98,0,2014-12-02 20:41:16,2014-12-02 20:47:28,1,1,Equality,Having a voice,Everyone voting,Lack of censorship,A government of the people,Freedom,Politicians vote on what the people want,Various political parties,,,,,,,,,,,,,,,,,,,,,,,1,,,1,1,1,1,,,,,,,,,0,1,0,2,0,3,,,0,5,,,,,0,4,,,,,,,,,,,2,,1,,,,1,2,1,6,,6,,,43.644104003906,-79.380096435547,-1,
R_3VpceaPKzxLgOmp,Default Response Set,Anonymous,,,198.15.96.194,0,2014-12-02 20:42:01,2014-12-02 20:49:13,1,1,USA,vote,the people ,fair,modern,,,,,,,,,,,,,,,,,,,,,,,,,,1,,,,1,,1,,,,,,,0,3,0,2,0,5,0,1,,,,,,,,,,,,,,,,,0,4,,,2,,,,1,1,3,2,2,7,,4,,,33.435699462891,-111.91709899902,-1,
R_799LhHBL72kAKLb,Default Response Set,Anonymous,,,50.153.160.253,0,2014-12-02 20:46:39,2014-12-02 20:51:41,1,1,people,government,power,elections,representatives,freedom,,,,,,,,,,,,,,,,,,,,,,,,,,,,,,,1,,,,,,,,,0,1,0,2,,,,,0,5,0,4,,,0,3,,,,,,,,,,,2,,1,,,,2,2,2,6,,3,,,35.925094604492,-86.868896484375,-1,
R_5je7kA5CGDZfWi9,Default Response Set,Anonymous,,,67.166.195.52,0,2014-12-02 20:47:15,2014-12-02 20:51:59,1,1,freedom,choice,voting,everyone,capitalism,,,,,,,,,,,,,,,,,1,,,,,,,,,,,,,,,,0,2,,,,,,,0,5,,,,,0,4,,,0,3,,,0,1,,,,,,,,,,,2,,1,,,,1,2,2,6,,1,,Thanks,34.306701660156,-85.269996643066,-1,
R_agdiryJNtpxzsOx,Default Response Set,Anonymous,,,75.68.247.61,0,2014-12-02 20:54:35,2014-12-02 20:57:46,1,1,ruined,untrue,novel,pride,safe,,,,,,,,,,,,,,,,,1,,,,,,,,,,,,,,,,,,,,0,5,,,,,,,0,1,,,,,0,3,,,0,4,,,0,2,,,,,,,2,,1,,,,3,2,1,6,,4,,,43.898803710938,-69.972503662109,-1,
R_bmGRkeUeJjVKdW5,Default Response Set,Anonymous,,,96.242.249.68,0,2014-12-02 20:55:14,2014-12-02 20:57:51,1,1,equality,fair,just,order,balancing,opportunity,checks,structure,,,,,,,,,,,,,,,,1,,,,,,,,,,,,1,,0,3,0,5,,,,,,,,,,,0,4,,,,,,,0,2,,,,,0,1,,,,,2,,1,,,,2,1,1,3,,5,,,40.768203735352,-74.234901428223,-1,
R_9n80eoriVWCYjPv,Default Response Set,Anonymous,,,68.35.193.30,0,2014-12-02 20:54:35,2014-12-02 20:58:19,1,1,freedom,liberty,freedom religion,constitution,free elections,equal representation ,legal justice,,,,,,,,,,,,,,,,,,,,,,,,,,,,1,1,,0,3,,,,,0,1,,,,,,,0,4,,,0,5,0,2,,,,,,,,,,,,,2,,1,,,,3,2,1,1,,2,,none,30.735397338867,-88.079597473145,-1,
R_ePURGh5UujgeWUt,Default Response Set,Anonymous,,,108.5.180.163,0,2014-12-02 20:52:26,2014-12-02 20:58:52,1,1,Freedom,Voting,Elections,Change,Liberty,Politics,Parties,Funding,Rights,Laws,constitution,Government,President,Congress,Senate,House of Representatives,Veto,Bill,Amendments,People,,,,,,,,,,,,,,,,1,,,,,,,,,,0,2,0,1,0,4,,,0,5,,,,,0,3,,,,,,,,,,,1,Tibetan,,,1,1,3,1,1,3,,5,,No comments.,40.932693481445,-74.156799316406,-1,
R_81dHAiCA6DaRp5j,Default Response Set,Anonymous,,,71.90.168.234,0,2014-12-02 20:53:21,2014-12-02 20:59:49,1,1,fair,just,economic freedom,right to vote,we pick our leaders,free country,checks and balances,,,,,,,,,,,,,,,1,,,,,,,,,,,,,,1,,,,,,,,,,,,0,3,0,5,0,2,0,1,,,0,4,,,,,,,,,,,,,2,,1,,,,2,2,1,4,,4,,n/a,32.723495483398,-97.462501525879,-1,
R_3Xkf8TjiDz5xIc5,Default Response Set,Anonymous,,,69.76.9.176,0,2014-12-02 20:56:58,2014-12-02 21:00:53,1,1,freedom,freewill,president,elections,vote,democrat ,,,,,,,,,,,,,,,,,,,,,,,,,1,,,,,,,,,,,,,,,0,1,,,,,0,2,0,4,,,,,0,5,,,0,3,,,,,,,2,,1,,,,2,1,1,6,,2,,,47.592407226562,-116.91189575195,-1,
R_eKhTrF1kShE0cxT,Default Response Set,Anonymous,,,69.121.235.103,0,2014-12-02 20:57:03,2014-12-02 21:02:20,1,1,freedom,meritocracy ,elected,rule by the people,elected representatives ,checks and balances,,,,,,,,,,,,,,,,,,,,,,,,,,,,,,1,1,,,,,,,,,0,4,,,0,3,0,5,0,2,,,,,0,1,,,,,,,,,,,2,,,,,1,3,3,2,7,,5,,,40.991897583008,-72.19889831543,-1,
R_88hQl1ubBPgz2sJ,Default Response Set,Anonymous,,,108.47.196.145,0,2014-12-02 21:00:17,2014-12-02 21:03:23,1,1,Freedom,Choice,Liberty,Liberal,Opportunity,Voting,Politicians,Debt,Progress,Revolution,Growth,,,,,,,,,,1,,,,,,,,,,,,,,,1,,,,,,,,,,,,0,3,,,,,0,4,0,2,0,5,0,1,,,,,,,,,,,2,,1,,,,2,3,1,6,,5,,"Interesting survey, thank you. ",33.949401855469,-116.97750091553,-1,
R_8r0sVamPpZkbiwR,Default Response Set,Anonymous,,,24.181.89.70,0,2014-12-02 20:58:47,2014-12-02 21:06:51,1,1,freedom,justice,rights,politicians,coroptions,,,,,,,,,,,,,,,,,,,,,,,,,,,,1,,,,,0,3,,,,,0,4,0,2,,,,,0,1,0,5,,,,,,,,,,,,,,,,,2,,1,,,,1,3,1,6,,3,,thank you,34.53889465332,-86.87329864502,-1,
R_7OPvAwcjL1vIbL7,Default Response Set,Anonymous,,,198.15.96.194,0,2014-12-02 21:03:30,2014-12-02 21:07:03,1,1,Freedom ,USA,Election,Rights,Consitiution,,,,,,,,,,,,,,,,1,1,,,,,,,,,,,,,1,,1,,,,,,,,,0,4,0,2,0,5,,,0,3,,,,,,,,,0,1,,,,,,,2,,,,1,1,3,2,1,4,,3,,,33.435699462891,-111.91709899902,-1,
R_eGaonQH3QeBtjAp,Default Response Set,Anonymous,,,172.9.203.168,0,2014-12-02 20:37:50,2014-12-02 21:08:58,1,1,freedom,responsibility,social goodness,group conscience ,representative government,the common good,bill of rights,voting,human rights,parliamentary process,amendments,laws,supreme court,constitution,house of representatives,sentate,courts,president,cabinet,"secretary of state, etc",,,,,,,,,,,,,,,,1,,,,,,,,,,,,0,1,0,4,,,,,0,2,,,,,,,,,0,5,,,0,3,1,"Spanish, but poorly",1,,,,3,5,1,6,,6,,"It was very interesting. /  / Thanks for letting me participate in the study. Thanks, too, for adding to our body of knowledge.",37.170196533203,-93.329696655273,-1,
R_6xpIM60h3KT5tJz,Default Response Set,Anonymous,,,104.33.174.96,0,2014-12-02 21:08:53,2014-12-02 21:10:54,1,1,democrat,republic,america,usa,canada,unity,,,,,,,,,,,,,,,,1,,,,,,,,,,,,,,1,,,,,,,,,,,,0,5,0,2,,,0,4,,,0,1,0,3,,,,,,,,,,,2,,1,,,,3,2,1,6,,3,,,34.579406738281,-118.11650085449,-1,
R_2c4dH0tm2KcEnUp,Default Response Set,Anonymous,,,104.34.64.2,0,2014-12-02 20:28:33,2014-12-02 21:16:27,1,1,voting,representative,people,rights,choice,freedom,,,,,,,,,,,,,,,1,,1,,,,,,,,,,,,,1,,,,,,,,,,0,5,0,2,0,1,,,0,3,0,4,,,,,,,,,,,,,,,2,,1,,,,1,2,1,6,,5,,,34.20930480957,-118.5751953125,-1,
R_4IrriDvKCfzaM4d,Default Response Set,Anonymous,,,72.208.212.58,0,2014-12-02 21:14:59,2014-12-02 21:18:21,1,1,AMERICA,works,president,congress,obama,bush,,,,,,,,,,,,,,,1,1,,,,,,1,,,,,1,,,,,,,,,,,,,0,2,,,,,,,,,0,1,0,5,,,,,0,4,0,3,,,,,2,,1,,,,4,2,1,6,,3,,,33.538604736328,-112.18599700928,-1,
R_aeMVKH34fwxKafr,Default Response Set,Anonymous,,,76.110.18.67,0,2014-12-02 21:16:41,2014-12-02 21:20:20,1,1,Freedom,work,togetherness,warmth,family,friends,power,government,success,help,equality,,,,,,,,,,,,,,,,,,,,,,1,,,,,,,,,,,,,0,2,,,,,0,1,0,4,0,5,,,,,,,,,0,3,,,,,2,,1,,,,2,2,2,6,,5,,,26.781799316406,-80.077903747559,-1,
R_6rmQFo2WJVCktkp,Default Response Set,Anonymous,,,162.229.193.165,0,2014-12-02 20:32:10,2014-12-02 21:25:29,1,1,America,United States,Votes,Public,Justice,Fair,Freedom,,,,,,,,,,,,,,,,,,,,,,,,,,,,,1,1,,,,,,,,,,,0,4,0,1,0,2,,,0,3,,,0,5,,,,,,,,,,,1,Khmer,,,1,1,4,1,2,3,,5,,thanks,34.052597045898,-118.11329650879,-1,
R_5uo04MZgUVUaVX7,Default Response Set,Anonymous,,,108.192.49.168,0,2014-12-02 21:27:33,2014-12-02 21:29:59,1,1,freedom,liberalism,corruptioin,fiscal,bankrupt,republican,democrat,constitution,congress,president,election,,,,,,,,,,1,,,,,,1,,1,,,,,,1,,,,,,,,,,,0,3,,,,,0,1,,,,,0,4,0,2,,,,,,,,,0,5,2,,1,,,,2,1,2,6,,5,,,35.584701538086,-84.438400268555,-1,
R_4TPxpNmJKIbDeBv,Default Response Set,Anonymous,,,24.211.246.172,0,2014-12-02 21:31:16,2014-12-02 21:33:33,1,1,voting,republicans,democrats,mob rule,politics,government,america,,,,,,,,,,,,,,,1,,,,,,,,,,,,,1,,,,,,,,,,,0,1,0,2,,,,,,,0,4,,,,,,,0,3,,,,,0,5,2,,1,,,,2,2,1,6,,3,,,35.902206420898,-78.628303527832,-1,
R_enYQE5zw8ygsu7X,Default Response Set,Anonymous,,,72.160.6.108,0,2014-12-02 21:28:01,2014-12-02 21:33:48,1,1,not Obama,freedom,free speech,rights,people,equality,furnace,care,giving,individuality,constitution,US,consequences,results,resolve,efficient,restoration,balance,pride,ownership,,,,,,,,,,,,,,,,,,,,,,,,,,0,4,,,,,,,0,3,0,2,0,5,,,,,0,1,,,,,,,1,spanish,,1,1,1,2,1,2,4,,5,,,48.198699951172,-114.38569641113,-1,
R_eDLNrjrbpHshUEt,Default Response Set,Anonymous,,,64.246.104.244,0,2014-12-02 21:33:29,2014-12-02 21:36:05,1,1,voting,peoples choice,usa,majority rules,republic,voice,,,,,,,,,,,,,,,,1,,,,,,,,,,,,,,,,,,,,,,,,,,,,,,,,0,3,0,1,0,5,0,4,,,0,2,,,,,,,1,,1,,,,2,2,2,6,,5,,,41.350204467773,-83.795997619629,-1,
R_e2MFYONSPoMNAah,Default Response Set,Anonymous,,,14.50.184.90,0,2014-12-02 21:32:05,2014-12-02 21:36:14,1,1,Republic,Representatives,Citizen voting,Freedom,United States,Able to influence government,,,,,,,,,,,,,,,,,,,,,,,,,,,,,,,,0,4,,,,,0,5,0,3,,,0,1,,,0,2,,,,,,,,,,,,,,,,,2,,1,,,,2,2,1,6,,5,,,36.321395874023,127.41970825195,-1,
R_9Ywg4TZUO7OcmLH,Default Response Set,Anonymous,,,68.58.191.30,0,2014-12-02 21:33:42,2014-12-02 21:37:14,1,1,government,freedom,rights,president,politicians,America,voting,,,,,,,,,,,,,,,1,,,,,,,1,,,,,,,1,,,,,,,,,,,,0,3,0,1,0,5,,,0,2,,,0,4,,,,,,,,,,,2,,1,,,,2,1,2,6,,6,,,32.841293334961,-80.107002258301,-1,
R_2gZuppQsVI5u7NH,Default Response Set,Anonymous,,,162.228.150.43,0,2014-12-02 21:33:50,2014-12-02 21:37:21,1,1,Freedom,Rule of the people,Fairness ,America,Chance for all,Founding fathers,,,,,,,,,,,,,,,,1,,,,,,,,,,,,,,,,,,,,,,,,0,5,0,2,,,,,,,0,3,0,1,,,,,0,4,,,,,,,2,,1,,,,5,4,2,6,,6,,,35.222595214844,-97.439498901367,-1,
R_cw2V8yeEmRytUlT,Default Response Set,Anonymous,,,72.183.125.58,0,2014-12-02 21:27:15,2014-12-02 21:39:35,1,1,"One man, one vote",corrupted democracy,flaws,America,Ancient Greece,representation,voting,free elections,20th century communist goverrnments with democracy in the title,,,,,,,,,,,,,,,,1,1,,1,,,,,,,,,,,,,,,,0,3,,,,,0,2,,,0,1,,,,,,,0,5,,,0,4,,,,,2,,,,,1,1,2,1,6,,5,,"When I think of democracy I tend to think of it in its purest form, one person one vote, and not even any representatives, but the people in a group voting directly on each issue.",30.456405639648,-97.693801879883,-1,
R_0qfFNIlicQnjG9n,Default Response Set,Anonymous,,,71.57.4.154,0,2014-12-02 21:35:39,2014-12-02 21:40:23,1,1,freedom,rights,America,equality,choice,majority,voting,opinion,voice,,,,,,,,,,,,1,1,1,,,,,,,,,,1,,1,,1,,,,,,,,,0,1,0,2,0,3,,,0,4,,,,,0,5,,,,,,,,,,,2,,1,,,,4,4,2,4,,2,,,41.604507446289,-87.995597839355,-1,
R_b9nufqaJTMde2eV,Default Response Set,Anonymous,,,103.27.107.2,0,2014-12-02 21:39:18,2014-12-02 21:41:12,1,1,freedom,liberty,free speech,freedom of religion,representation,government by the people,no tyranny,safety and security,,,,,,,,,,,,,,1,,,,,,,,,,,1,,,1,1,,,,,,,,,0,5,0,2,,,,,0,3,0,4,,,,,,,0,1,,,,,,,2,,1,,,,3,1,1,3,,5,,,3.1788024902344,101.70449829102,-1,
R_cN1izMqjpWVrkMt,Default Response Set,Anonymous,,,72.182.41.174,0,2014-12-02 21:33:41,2014-12-02 21:52:04,1,1,Freedom of speech,Equal say,Decision making,America,Voting,,,,,,,,,,,,,,,,1,,1,,,,,1,1,,1,1,,,,,,,,,,,,0,4,0,3,0,5,,,,,,,0,2,,,,,,,,,,,0,1,,,2,,,1,,,2,1,1,7,,5,,Thanks,30.296096801758,-97.73690032959,-1,
R_6lhumFIBXos1KiV,Default Response Set,Anonymous,,,172.243.107.171,0,2014-12-02 22:29:23,2014-12-02 22:51:15,1,1,Freedom,America,President,Congress,Vote,lobbyists ,bribe,pay off,court,,,,,,,,,,,,,,,,,,,,,,,,,,1,1,1,,,,,,,,,,,0,3,,,0,4,,,0,5,,,0,2,,,0,1,,,,,,,2,,1,,,,2,2,2,6,,3,,,40.293395996094,-87.785697937012,-1,
R_2fbvzZ79v0hh4Lb,Default Response Set,Anonymous,,,108.244.194.118,0,2014-12-02 20:21:14,2014-12-02 20:21:28,0,1,,,,,,,,,,,,,,,,,,,,,,,,,,,,,,,,,,,,,,,,,,,,,,,,,,,,,,,,,,,,,,,,,,,,,,,,,,,,,,,,,,,,,,,,-1,
R_4JcouX2YMxTTSMR,Default Response Set,Anonymous,,,76.11.240.238,0,2014-12-02 20:21:22,2014-12-02 20:21:33,0,1,,,,,,,,,,,,,,,,,,,,,,,,,,,,,,,,,,,,,,,,,,,,,,,,,,,,,,,,,,,,,,,,,,,,,,,,,,,,,,,,,,,,,,,,-1,
R_1SbGl0KAP229q6h,Default Response Set,Anonymous,,,98.180.12.166,0,2014-12-02 20:21:51,2014-12-02 20:22:00,0,1,,,,,,,,,,,,,,,,,,,,,,,,,,,,,,,,,,,,,,,,,,,,,,,,,,,,,,,,,,,,,,,,,,,,,,,,,,,,,,,,,,,,,,,,-1,
R_1TSHllKnQVhjzEN,Default Response Set,Anonymous,,,99.135.147.184,0,2014-12-02 20:21:26,2014-12-02 20:22:09,0,1,,,,,,,,,,,,,,,,,,,,,,,,,,,,,,,,,,,,,,,,,,,,,,,,,,,,,,,,,,,,,,,,,,,,,,,,,,,,,,,,,,,,,,,,-1,
R_80nsvZGQNezZQrz,Default Response Set,Anonymous,,,198.199.100.166,0,2014-12-02 20:22:34,2014-12-02 20:23:01,0,1,,,,,,,,,,,,,,,,,,,,,,,,,,,,,,,,,,,,,,,,,,,,,,,,,,,,,,,,,,,,,,,,,,,,,,,,,,,,,,,,,,,,,,,,-1,
R_8Andr0CibOsvTFP,Default Response Set,Anonymous,,,72.239.183.153,0,2014-12-02 20:22:35,2014-12-02 20:23:02,0,1,,,,,,,,,,,,,,,,,,,,,,,,,,,,,,,,,,,,,,,,,,,,,,,,,,,,,,,,,,,,,,,,,,,,,,,,,,,,,,,,,,,,,,,,-1,
R_b3jcD3MDYAgcoSN,Default Response Set,Anonymous,,,35.24.62.123,0,2014-12-02 20:23:15,2014-12-02 20:23:36,0,1,,,,,,,,,,,,,,,,,,,,,,,,,,,,,,,,,,,,,,,,,,,,,,,,,,,,,,,,,,,,,,,,,,,,,,,,,,,,,,,,,,,,,,,,-1,
R_cISAuGHmiZ8eKnb,Default Response Set,Anonymous,,,99.169.254.87,0,2014-12-02 20:23:48,2014-12-02 20:23:59,0,1,,,,,,,,,,,,,,,,,,,,,,,,,,,,,,,,,,,,,,,,,,,,,,,,,,,,,,,,,,,,,,,,,,,,,,,,,,,,,,,,,,,,,,,,-1,
R_dmMfgLtgxg78sTj,Default Response Set,Anonymous,,,98.208.37.222,0,2014-12-02 20:24:48,2014-12-02 20:24:53,0,1,,,,,,,,,,,,,,,,,,,,,,,,,,,,,,,,,,,,,,,,,,,,,,,,,,,,,,,,,,,,,,,,,,,,,,,,,,,,,,,,,,,,,,,,-1,
R_9yPGoCUEus2UaYR,Default Response Set,Anonymous,,,98.224.249.174,0,2014-12-02 20:23:23,2014-12-02 20:25:48,0,1,freedom,voting,elections,politicans,choice,suffrage,free republic,democrat,obama,united states,,,,,,,,,,,,1,1,1,,,,1,1,1,1,1,1,1,1,1,1,,,,,,,,,,,,,,,,,,,,,,,,,,,,,,,,,,,,,,,,,,,,,,,,,,,-1,
R_1TRzdFo8uS9hxoF,Default Response Set,Anonymous,,,184.6.224.56,0,2014-12-02 20:26:16,2014-12-02 20:26:30,0,1,,,,,,,,,,,,,,,,,,,,,,,,,,,,,,,,,,,,,,,,,,,,,,,,,,,,,,,,,,,,,,,,,,,,,,,,,,,,,,,,,,,,,,,,-1,
R_eLn8EjHu7AI7yVD,Default Response Set,Anonymous,,,208.54.39.171,0,2014-12-02 20:28:46,2014-12-02 20:28:58,0,1,,,,,,,,,,,,,,,,,,,,,,,,,,,,,,,,,,,,,,,,,,,,,,,,,,,,,,,,,,,,,,,,,,,,,,,,,,,,,,,,,,,,,,,,-1,
R_7NFDYm21kJgrubr,Default Response Set,Anonymous,,,97.119.16.108,0,2014-12-02 20:29:06,2014-12-02 20:29:21,0,1,,,,,,,,,,,,,,,,,,,,,,,,,,,,,,,,,,,,,,,,,,,,,,,,,,,,,,,,,,,,,,,,,,,,,,,,,,,,,,,,,,,,,,,,-1,
R_40Ki6O1uY35TwHz,Default Response Set,Anonymous,,,107.210.80.173,0,2014-12-02 20:29:24,2014-12-02 20:29:40,0,1,,,,,,,,,,,,,,,,,,,,,,,,,,,,,,,,,,,,,,,,,,,,,,,,,,,,,,,,,,,,,,,,,,,,,,,,,,,,,,,,,,,,,,,,-1,
R_5ztg0lwGNljcjY1,Default Response Set,Anonymous,,,66.214.121.199,0,2014-12-02 20:29:36,2014-12-02 20:30:03,0,1,,,,,,,,,,,,,,,,,,,,,,,,,,,,,,,,,,,,,,,,,,,,,,,,,,,,,,,,,,,,,,,,,,,,,,,,,,,,,,,,,,,,,,,,-1,
R_bHneJdIiPD2cYUB,Default Response Set,Anonymous,,,50.170.113.57,0,2014-12-02 20:30:57,2014-12-02 20:31:00,0,1,,,,,,,,,,,,,,,,,,,,,,,,,,,,,,,,,,,,,,,,,,,,,,,,,,,,,,,,,,,,,,,,,,,,,,,,,,,,,,,,,,,,,,,,-1,
R_3KmEhuL5EsPkpX7,Default Response Set,Anonymous,,,23.240.68.66,0,2014-12-02 20:30:42,2014-12-02 20:31:08,0,1,,,,,,,,,,,,,,,,,,,,,,,,,,,,,,,,,,,,,,,,,,,,,,,,,,,,,,,,,,,,,,,,,,,,,,,,,,,,,,,,,,,,,,,,-1,
R_9YXjOTLKI7OE8lf,Default Response Set,Anonymous,,,66.75.42.96,0,2014-12-02 20:31:08,2014-12-02 20:31:21,0,1,,,,,,,,,,,,,,,,,,,,,,,,,,,,,,,,,,,,,,,,,,,,,,,,,,,,,,,,,,,,,,,,,,,,,,,,,,,,,,,,,,,,,,,,-1,
R_09ycKMoAbLpOyfX,Default Response Set,Anonymous,,,50.0.150.74,0,2014-12-02 20:31:22,2014-12-02 20:31:35,0,1,,,,,,,,,,,,,,,,,,,,,,,,,,,,,,,,,,,,,,,,,,,,,,,,,,,,,,,,,,,,,,,,,,,,,,,,,,,,,,,,,,,,,,,,-1,
R_40cRZPivq7g9h8V,Default Response Set,Anonymous,,,96.32.49.156,0,2014-12-02 20:30:52,2014-12-02 20:31:49,0,1,Government,People,President,USA,Okay,,,,,,,,,,,,,,,,,,,,,,,,,,,,,,,,,,,,,,,,,,,,,,,,,,,,,,,,,,,,,,,,,,,,,,,,,,,,,,,,,,,-1,
R_ddpIXZ0BQxhGKa1,Default Response Set,Anonymous,,,70.161.130.54,0,2014-12-02 20:32:41,2014-12-02 20:32:59,0,1,,,,,,,,,,,,,,,,,,,,,,,,,,,,,,,,,,,,,,,,,,,,,,,,,,,,,,,,,,,,,,,,,,,,,,,,,,,,,,,,,,,,,,,,-1,
R_6A2nwV0uib9bF1b,Default Response Set,Anonymous,,,173.79.164.63,0,2014-12-02 20:33:31,2014-12-02 20:33:45,0,1,,,,,,,,,,,,,,,,,,,,,,,,,,,,,,,,,,,,,,,,,,,,,,,,,,,,,,,,,,,,,,,,,,,,,,,,,,,,,,,,,,,,,,,,-1,
R_9nl4gfE90SZEj2J,Default Response Set,Anonymous,,,68.32.245.224,0,2014-12-02 20:34:04,2014-12-02 20:34:27,0,1,,,,,,,,,,,,,,,,,,,,,,,,,,,,,,,,,,,,,,,,,,,,,,,,,,,,,,,,,,,,,,,,,,,,,,,,,,,,,,,,,,,,,,,,-1,
R_4OfmwWkFd7T1eQJ,Default Response Set,Anonymous,,,216.164.160.75,0,2014-12-02 20:34:31,2014-12-02 20:34:38,0,1,,,,,,,,,,,,,,,,,,,,,,,,,,,,,,,,,,,,,,,,,,,,,,,,,,,,,,,,,,,,,,,,,,,,,,,,,,,,,,,,,,,,,,,,-1,
R_8oDW28gwos3gPu5,Default Response Set,Anonymous,,,96.35.45.10,0,2014-12-02 20:36:57,2014-12-02 20:37:08,0,1,,,,,,,,,,,,,,,,,,,,,,,,,,,,,,,,,,,,,,,,,,,,,,,,,,,,,,,,,,,,,,,,,,,,,,,,,,,,,,,,,,,,,,,,-1,
R_4TMCmbxA9MYKJFj,Default Response Set,Anonymous,,,204.45.30.198,0,2014-12-02 20:33:43,2014-12-02 20:39:38,0,1,,,,,,,,,,,,,,,,,,,,,,,,,,,,,,,,,,,,,,,,,,,,,,,,,,,,,,,,,,,,,,,,,,,,,,,,,,,,,,,,,,,,,,,,-1,
R_0jHkZA3ioflYOsB,Default Response Set,Anonymous,,,66.65.29.64,0,2014-12-02 20:39:32,2014-12-02 20:39:47,0,1,,,,,,,,,,,,,,,,,,,,,,,,,,,,,,,,,,,,,,,,,,,,,,,,,,,,,,,,,,,,,,,,,,,,,,,,,,,,,,,,,,,,,,,,-1,
R_cHpU9VOO6C9HRel,Default Response Set,Anonymous,,,66.41.157.11,0,2014-12-02 20:34:41,2014-12-02 20:40:30,0,1,people,collective,majority,educate,corrupt,crowd think,,,,,,,,,,,,,,,,,,1,1,1,1,,1,1,,,,1,,,,,,,,,,,,,,,,,,,,,,,,,,,,,,,,,,,,,,,,,,,,,,,,,,,,,,-1,
R_57OWVT0ysqPjEGx,Default Response Set,Anonymous,,,76.122.1.202,0,2014-12-02 20:43:19,2014-12-02 20:43:35,0,1,,,,,,,,,,,,,,,,,,,,,,,,,,,,,,,,,,,,,,,,,,,,,,,,,,,,,,,,,,,,,,,,,,,,,,,,,,,,,,,,,,,,,,,,-1,
R_88HIlhU7geWb9JP,Default Response Set,Anonymous,,,184.58.176.38,0,2014-12-02 20:45:13,2014-12-02 20:45:31,0,1,,,,,,,,,,,,,,,,,,,,,,,,,,,,,,,,,,,,,,,,,,,,,,,,,,,,,,,,,,,,,,,,,,,,,,,,,,,,,,,,,,,,,,,,-1,
R_aXIA57MlGgmvZ7T,Default Response Set,Anonymous,,,108.210.101.30,0,2014-12-02 20:50:33,2014-12-02 20:50:38,0,1,,,,,,,,,,,,,,,,,,,,,,,,,,,,,,,,,,,,,,,,,,,,,,,,,,,,,,,,,,,,,,,,,,,,,,,,,,,,,,,,,,,,,,,,-1,
R_3JcOL0eT09AzxOt,Default Response Set,Anonymous,,,67.239.213.7,0,2014-12-02 21:31:51,2014-12-02 21:32:15,0,1,,,,,,,,,,,,,,,,,,,,,,,,,,,,,,,,,,,,,,,,,,,,,,,,,,,,,,,,,,,,,,,,,,,,,,,,,,,,,,,,,,,,,,,,-1,
